-- phpMyAdmin SQL Dump
-- version 4.6.5.2
-- https://www.phpmyadmin.net/
--
-- Servidor: 127.0.0.1
-- Tiempo de generación: 20-06-2017 a las 17:50:51
-- Versión del servidor: 10.1.21-MariaDB
-- Versión de PHP: 5.6.30

SET SQL_MODE = "NO_AUTO_VALUE_ON_ZERO";
SET time_zone = "+00:00";


/*!40101 SET @OLD_CHARACTER_SET_CLIENT=@@CHARACTER_SET_CLIENT */;
/*!40101 SET @OLD_CHARACTER_SET_RESULTS=@@CHARACTER_SET_RESULTS */;
/*!40101 SET @OLD_COLLATION_CONNECTION=@@COLLATION_CONNECTION */;
/*!40101 SET NAMES utf8mb4 */;

--
-- Base de datos: `multiser_shreportes`
--

-- --------------------------------------------------------

--
-- Estructura de tabla para la tabla `categorias`
--

CREATE TABLE `categorias` (
  `idcategoria` int(11) NOT NULL,
  `nombre` varchar(50) NOT NULL
) ENGINE=MyISAM DEFAULT CHARSET=utf8;

--
-- Volcado de datos para la tabla `categorias`
--

INSERT INTO `categorias` (`idcategoria`, `nombre`) VALUES
(3, 'Hosting'),
(5, 'Direcciones IP'),
(6, 'VPS'),
(7, 'Cloud Linux');

-- --------------------------------------------------------

--
-- Estructura de tabla para la tabla `comentarios`
--

CREATE TABLE `comentarios` (
  `id` bigint(7) NOT NULL,
  `idreporte` bigint(7) DEFAULT NULL,
  `nick` varchar(50) DEFAULT NULL,
  `correo` varchar(50) NOT NULL,
  `comentario` longtext,
  `fecha` datetime DEFAULT NULL
) ENGINE=MyISAM DEFAULT CHARSET=utf8;

--
-- Volcado de datos para la tabla `comentarios`
--

INSERT INTO `comentarios` (`id`, `idreporte`, `nick`, `correo`, `comentario`, `fecha`) VALUES
(1, 25, 'Probando', 'ronny.g@servitepuy.com', 'Probando', '2017-06-14 13:44:34'),
(2, 25, 'Probando', 'ronny.g@servitepuy.com', 'Probando', '2017-06-14 13:45:35'),
(3, 25, 'Prueba', 'ronny.g@servitepuy.com', 'Prueba', '2017-06-14 13:45:59'),
(4, 25, 'Prueba', 'ronny.g@servitepuy.com', 'Prueba', '2017-06-14 13:48:29'),
(5, 25, 'Probando', 'ronny.g@servitepuy.com', 'Probando', '2017-06-14 13:48:40'),
(6, 25, 'Probando', 'ronny.g@servitepuy.com', 'Probando', '2017-06-14 13:49:19'),
(7, 25, 'Probando', 'ronny.g@servitepuy.com', 'Probando', '2017-06-14 13:49:26'),
(8, 25, 'Probando', 'ronny.g@servitepuy.com', 'Probando', '2017-06-14 13:51:53'),
(9, 25, 'Probando', 'ronny.g@servitepuy.com', 'Probando', '2017-06-14 13:59:18'),
(10, 25, 'Probando', 'ronny.g@servitepuy.com', 'Probando', '2017-06-14 14:02:54'),
(11, 25, '', 'ronny.g@servitepuy.com', 'Probando', '2017-06-14 14:32:14'),
(12, 25, 'ronnyg', '', 'Probando', '2017-06-14 14:33:03'),
(13, 25, 'ronnyg', '', 'asasas', '2017-06-14 14:33:34'),
(14, 25, 'ronnyg', 'ronny.g@servitepuy.com', 'asasas', '2017-06-14 14:34:24'),
(15, 25, 'ronnyg', '', 'asasas', '2017-06-14 14:44:54'),
(16, 25, 'Cliente', 'cliente@prueba.com', 'Probando', '2017-06-14 15:00:51'),
(17, 25, 'Cliente', 'cliente@prueba.com', 'Probando', '2017-06-14 15:01:17'),
(18, 25, 'Ronny Gonzalez', '', 'Prueba', '2017-06-14 15:24:11'),
(19, 30, 'Ronny Gonzalez', '', 'Probando', '2017-06-15 11:17:21'),
(20, 30, 'Ronny Gonzalez', 'ronny.g@servitepuy.com', 'asas', '2017-06-15 11:45:30'),
(21, 30, 'Ronny Gonzalez', 'ronny.g@servitepuy.com', 'asas', '2017-06-15 11:46:17'),
(22, 30, 'Ronny Gonzalez', 'ronny.g@servitepuy.com', 'asas', '2017-06-15 11:46:34'),
(23, 30, 'Ronny Gonzalez', 'ronny.g@servitepuy.com', 'asas', '2017-06-15 11:47:38'),
(24, 31, 'Cliente', '', 'asas', '2017-06-15 11:48:43'),
(25, 31, 'Cliente', 'Cliente@prueba.com', 'Probando', '2017-06-15 11:50:56'),
(26, 31, 'Ronny Gonzalez', 'ronny.g@servitepuy.com', 'Respuesta', '2017-06-15 11:51:22'),
(27, 31, 'Ronny Gonzalez', 'ronny.g@servitepuy.com', 'Respuesta', '2017-06-15 11:52:47'),
(28, 31, 'Ronny Gonzalez', 'ronny.g@servitepuy.com', 'asas', '2017-06-15 11:53:56'),
(29, 31, 'Ronny Gonzalez', 'ronny.g@servitepuy.com', 'asas', '2017-06-15 11:54:41'),
(30, 32, 'Ronny Gonzalez', 'ronny.g@servitepuy.com', 'a', '2017-06-15 14:16:54'),
(31, 32, 'Ronny Gonzalez', 'ronny.g@servitepuy.com', 'fgfg', '2017-06-15 14:24:44'),
(32, 32, 'Ronny Gonzalez', 'ronny.g@servitepuy.com', 'asas', '2017-06-15 14:25:53'),
(33, 17, 'Ronny Gonzalez', 'ronny.g@servitepuy.com', 'Probando', '2017-06-16 16:41:58'),
(34, 17, 'Cliente', 'Cliente@prueba.com', 'asasas', '2017-06-16 16:42:52'),
(35, 34, 'Ronny Gonzalez', 'ronny.g@servitepuy.com', 'Prueba', '2017-06-20 09:22:22'),
(36, 19, 'Ronny Gonzalez', 'ronny.g@servitepuy.com', 'Prueba', '2017-06-20 09:58:01'),
(37, 19, 'Ronny Gonzalez', 'ronny.g@servitepuy.com', 'Prueba 2', '2017-06-20 09:59:53'),
(38, 19, 'Ronny Gonzalez', 'ronny.g@servitepuy.com', 'asas', '2017-06-20 10:01:01'),
(39, 19, 'Ronny Gonzalez', 'ronny.g@servitepuy.com', 'a', '2017-06-20 10:03:03'),
(40, 19, 'Ronny Gonzalez', 'ronny.g@servitepuy.com', 'Prueba 3', '2017-06-20 10:08:31'),
(41, 19, 'Ronny Gonzalez', 'ronny.g@servitepuy.com', 'Prueba 4', '2017-06-20 10:13:44'),
(42, 19, 'Ronny Gonzalez', 'ronny.g@servitepuy.com', 'Prueba 4', '2017-06-20 10:14:07'),
(43, 19, 'Ronny Gonzalez', 'ronny.g@servitepuy.com', 'a', '2017-06-20 10:17:16'),
(44, 19, 'Ronny Gonzalez', 'ronny.g@servitepuy.com', 'a', '2017-06-20 10:19:43'),
(45, 19, 'Ronny Gonzalez', 'ronny.g@servitepuy.com', '\"a\'\'', '2017-06-20 10:19:49'),
(46, 19, '\\\"Ronny Gonzalez\\\'', 'ronny.g@servitepuy.com', 'prueba', '2017-06-20 10:23:50'),
(47, 19, 'Ronny Gonzalez', 'ronny.g@servitepuy.com', 'Probando', '2017-06-20 10:24:26'),
(48, 19, 'Ronny Gonzalez', 'ronny.g@servitepuy.com', '\'Probando  \"\'\' \"\'\'', '2017-06-20 10:24:53'),
(49, 19, 'Ronny\\\' Gonzalez\\\"', 'ronny.g@servitepuy.com', 'Probando  \"\'\'', '2017-06-20 10:26:55'),
(50, 19, 'Ronny Gonzalez', 'ronny.g@servitepuy.com', 'asas', '2017-06-20 10:27:28'),
(51, 19, 'Ronny Gonzalez', 'ronny.g@servitepuy.com', 'qwqw', '2017-06-20 10:27:54'),
(52, 19, '\\\"Ronny Gonzalez\\\'', 'rdgonzalez.2015@gmail.com', 'Probando  ', '2017-06-20 10:28:26'),
(53, 19, 'Ronny Gonzalez', 'ronny.g@servitepuy.com', 'Probando', '2017-06-20 10:29:01'),
(54, 19, 'Ronny Gonzalez', 'ronny.g@servitepuy.com', 'Probando', '2017-06-20 10:29:17');

-- --------------------------------------------------------

--
-- Estructura de tabla para la tabla `dominio`
--

CREATE TABLE `dominio` (
  `iddominio` int(11) NOT NULL,
  `nombre` varchar(50) NOT NULL
) ENGINE=InnoDB DEFAULT CHARSET=utf8;

--
-- Volcado de datos para la tabla `dominio`
--

INSERT INTO `dominio` (`iddominio`, `nombre`) VALUES
(27, 'a'),
(13, 'www.nuevo.com'),
(3, 'www.sh.com'),
(22, 'www.sh2.com'),
(23, 'www.sh3.com'),
(24, 'www.sh4.com'),
(25, 'www.sh5.com'),
(26, 'www.sh7.com');

-- --------------------------------------------------------

--
-- Estructura de tabla para la tabla `estatus`
--

CREATE TABLE `estatus` (
  `idestatus` int(11) NOT NULL,
  `nombre` varchar(50) NOT NULL
) ENGINE=MyISAM DEFAULT CHARSET=utf8;

--
-- Volcado de datos para la tabla `estatus`
--

INSERT INTO `estatus` (`idestatus`, `nombre`) VALUES
(1, 'Resuelto'),
(2, 'Pendiente');

-- --------------------------------------------------------

--
-- Estructura de tabla para la tabla `reporte`
--

CREATE TABLE `reporte` (
  `idreporte` int(11) NOT NULL,
  `idusuario` int(11) DEFAULT NULL,
  `idestatus` int(11) DEFAULT '2',
  `idcategoria` int(11) DEFAULT NULL,
  `idservidor` int(11) DEFAULT NULL,
  `iddominio` int(11) DEFAULT NULL,
  `titulo` varchar(50) NOT NULL,
  `autor` varchar(50) NOT NULL,
  `ticket` varchar(20) DEFAULT NULL,
  `observacion` longtext,
  `fecha` date DEFAULT NULL
) ENGINE=MyISAM DEFAULT CHARSET=utf8;

--
-- Volcado de datos para la tabla `reporte`
--

INSERT INTO `reporte` (`idreporte`, `idusuario`, `idestatus`, `idcategoria`, `idservidor`, `iddominio`, `titulo`, `autor`, `ticket`, `observacion`, `fecha`) VALUES
(20, 1, 1, 6, 1, 13, 'Probando', 'Ronny Gonzalez', '456212', '<p><a href=\"https://www.multiserviciossms.com/shincidencias/muestra.php?reporte=5fb5d56d9cec749cf0fe9550c0041918\">https://www.servicioshosting.com/sitio/</a></p>', '2017-06-15'),
(19, 1, 2, 5, 1, 13, 'Probando', 'Ronny Gonzalez', '', '<p>Prueba</p>', '2017-06-16'),
(17, 1, 2, 6, 2, 25, '1234', 'Ronny Gonzalez', '9', '', '2017-06-16');
INSERT INTO `reporte` (`idreporte`, `idusuario`, `idestatus`, `idcategoria`, `idservidor`, `iddominio`, `titulo`, `autor`, `ticket`, `observacion`, `fecha`) VALUES
(34, 1, 2, 3, 1, 23, 'Reporte martes', 'Ronny Gonzalez', '51313', '<p><img src=\"data:image/png;base64,iVBORw0KGgoAAAANSUhEUgAABVYAAAMACAIAAABAXKuVAAAgAElEQVR4nOzdbXBc150faNd+3drMJnFmMzuZmTjZrdrxTKYSw6l1ZpPU7G7VVrKBNLZsUhYtZ1S2xpad8Xgs08rQm9C0PbZlW5RMjKOlVpZCeSjREkmREkWKkiVRFE0RpCAAhEhQgEiA4Ps7QZCACEpk74fGy+3u243uxkufg/s85XIRt2+fey8afXT+vz739AdeBwAAADLgA7PX9C4oY/b+6gAAAChnxiKArq6uI0eOnDx58ty5c5cuXRqBii5dunT27NmTJ08eOXKkq6trpv4OAQAAKGe6EcAbb7xx+PBhNT/TdOnSpYGBgba2thn5swYAAKBU/RHArl27ent7L1y40OjikfljcHDwnXfeaW1tncE/cQAAAPLqjAB27dp1/PjxRheMzE+nTp2SAgAAAMy4OiOAw4cPN7pOZD4bGBiwaiAAAMDMqicCOHDgQKMrROa/3t7eGf9zBwAAyLKaI4C2trZz586VFmxvbX5s03/43174s3/xwl3/bOudv//853/v+c9/eOvnP7z1T//JC1/4Jy984Q+2fuEPtn7hD57/0j/f8Pl/2r7uwTmvKInMhQsX2tvbZ+OPHgAAIJtqjgAOHjyYWrA988V//vq///snfrJg8Mklg7/4y4tr7hl86v/J/3vwqW9efOIbFx//+uCT3zz1X25vveN/3Pi5P5jjepIY9fX1zcYfPQAAQGUfKGMuz+GDH/zgihUrSrevWLHigx/8YH1t1nwB5b7/7+U//d3eu37z7N2/c+lrv3n5mx8eWtZ0+Rsfuvyf/8nlb/2zy/d86PK3P3r5r/7w0t2/de6rv3nwy7/16p/+L3NcTBKg4eHhyjtcvny5vhUBmpubm5ub63giAADA66+/nlrtz3EEkC/1i1KA1I3Vq+0Curq6ylVrv/ri7x75s98evvs3rv7Nl671/uraiQPXftly9S//0bt//revPfWNayfefu/iqdEdj478p9879uXf2HlXmQhgwx3j2codG8Z+/si9XUV7lG7J71ydrns/UtxCarM1Sm+Wkdtvv72jo6N0e1tb22233Xb58uXKT9+3b18df9YiAAAAoD4VPv+f4wjg9ZKCf5r1/+u1RgCHDh0qV6rt/NLvH/vT//7dx+66nsvl/3cjl3v/9cfe+/kXbuS33Mhdz+VG92458aVfb/3Sh1Oa6Lr3IxPFfNe9924YmZUIIN20IwDK2LVr1+23397e3p7cmK//33jjjSmffvjw4Tr+rEUAAABAfSp8/j/3EcDribJ/+vX/67VGACdOnChXqu2868NH//Rvj+5/5fqN6+9t/v7off/n9Uunb7x39fqlU9dzuWtr/+O1B/7N+1fOX7t+/cS3/kXr534npYmUMlwEMB8UpQDV1/8jIyOnTp2q489aBAAAAHEp99n73N+BH1oE8Prrr69YseLXfu3Xfu3Xfm2a9f/rNUUAu3btunjxYrlS7fW7Pnzsi3/36tvbr9+4cW31l0e/9veuH+3K3bh+I5e7fuXC6Hf+2ehX/8718wPXbuROfudf7/rcb6W1seGODxQV4jVFABvu+MBH7r137FaCxE5d934keXdBooXxRz5y772lGz9Qb7PFdzOUtJhBra2t+RQgX/+3tbVV+cRLly7t3r271j9rEQAAAFAfEcCYPXv2VCjVdn75949//m+9u3HZjVzu+vvvvf/qyvd+8n+/9+M/eu++/+O9733s2lf/zrXVX7qey1079c6Jr/3j1i/8T2WaGauWx0vlyWo6oUIEkCjbx/5Veo/+RK1euNPkxvHdN9zxkXu7am+2ZMuMTFOI3+7du2+//faa6v+8ar4asLkK03ibAAAAWRFaBNCwGwH2799foU57/Uu/f+zz/93V5++7nsu93/3KtW/81rW/+OC1v/zQ6H/8nfe++T9fW/wPrv2XT1y/emW0d8fJuz7Y+qWK3wjQde9HSj+xHzPVLICuwt2S6wuMlDw02VJy/4Q7NtTc7EgyuJhs020G+c//P/OZz7z55ps1PfHtt9+e8o9TBAAAAMyIchHA3N+S8HpjlwM8ePBghTpt510fPv7Fv3ut57UbN25ce+Tfj/7pf3P9tYdvXDp1/cKxGxeOXfvRH1398n/7/onuazeun/zP/2vr59PWAkgYL7EbEgGUr+2rbHZypsDkAfLZQmZnA0zM/9+9e3etKUAdKwKq+QEAgPpUmAUwxxr8pYAV1gIcya8F8IW/O9rzq+vXr1974s9H//If3Rg8cSOXu/H+tVwu995jd45+96PXL59970bu5Lf/1a7P/XZKExvuHS+YJ6bZTzsCqOdGgAoz/KtotvwuBZFAlhTd///GG28sWrSo+hTg9OnTtf5ZiwAAAID6lFmRsAERQLlSP58C1NdmtZfR1tY2NDRUoU57/cu/f+zOv/Xus9+9nstdf/fy++cGbuRy77+97b0N//lGLvf+1SvvXz5/PZe7drD1xH/4jda7Um8ESNz5P/Zx+fQjgIJmi28uGH+kzHKA5W8EqNTsxBqDd9zxkcnFBJJXlSmp6//lU4AqFwW4cuVKR0dHTX/WIgAAAIBS1UYABw4cqFyn7bzrw8f+7DdHvvE711596Pq1q9dzuff7dl/7wR9e/drfe+/ln14fHb5+/fp7Pa9d/d7Hjn/p11u//OH6a0qiUm79v7a2ts985jNVNtLT01PTn7UIAAAAoFS1EcDAwEDlIm3HF373yJ/99pV7PnT1a78++oN/OfrAv7n6l/9odPFvXlvyj0e/9uuj3/8Xoz/+369+47eG7/4Hx776D3fd9bs1l5Jk2NGjR2v6sxYBAAAAlKo2AhgcHKxcpL365x87+MXfOPO1f3jh6//w4p//Dxf/7O9dvPu3Bxd/aPDu37m4+EMX//zvX/zKr1+4+7fP3v2hQ3f9xqtf+qdzUzoyP1y+fHnXrl2z+k4AAACY96qKACp/F0De/mf/vz13f6zzKx/e99UP7//q73X/xe/v/+qHuyf/93vdf/F7+7/64c6vfHj3X/zzvU89MAd1I/PJoUOHZvvNAAAAML9NHQG89dZbFy9ebHQBSNZdunRp3759c/CWAAAAmK+miAB27959/PjxRld/MDIyMnLy5Mk9e/bMzRsDAABg/pkiAjh06FCj6z6YNDAwMDdvDAAAgPmnbASwd+9en/8ToOPHj3d1dc3lmwQAAGB+SIkAdu3a9c4771y4cKHRtR6ku3DhwjvvvOM7AgAAAGoyGQHs3r27q6urv7///PnzjS7xYGrnz5/v7+/fu3fv7t27G/gWAgAAiMUHGl3HAQAAQCZcunSpsScgAgAAAIC50PA77kUAAAAAMBfOnDnT2BOoLQIYHh4+e/bswYMHu7u7u7q62tvb29vb9+7d293dffDgwTNnzgwPD8/SiQIAAEDUTp482dgTqDYCGBoa6uvra29v7+7uPnLkyLlz5wYHB4eHh4eHhwcHB8+dO3f06NHu7u729vZDhw4NDQ3N6kkDAABAdI4dO9bYE5g6AhgeHh4YGOjs7Ozv7798+fK7FV25cqW/v7+jo6Onp+c4AAABOHv2bOkY78yZM40+L5g7qe8CmHsDAwONPYEpIoChoaHu7u6enp6hoaHKxX/S0NBQT0/PgQMHrl27lgMAoKGOHz9eOsw7fvx4o88L5k7quwDmXl9fX2NPoFIEcPHixb179w4MDFRf/CcNDAzs3bv33XffbfT7HQAg00QAIAIgEIcOHWrsCZSNAIaGhvbu3Xv8+PH66v+8U6dO7d2711wAAIAGEgGACIBABBoBDA8Pd3d31/35f9FcgAMHDty4cWM23skjIyOz0SwAwNyYm8GMCABEAAQi0AhgYGCgp6dn+vV/Xk9Pz7Fjx2bjnXzixInZaBYAYG7MzWBGBAAiAAIRYgQwNDTU2dlZ5fp/zz///Isvvlh5n3yDo6OjM/5OPnr06Iy3CQAwZ+ZmMCMCgGlGAD/60Y9+/OMfV7//zp07q9951apVq1atqv2kaIDh4eH8/+e1tnY+veHFLc+/1tvbX2ULIUYAfX19/f391dT/P/vZz5qbm5ubm9euXVt5z/7+/oGBgcpvy9HR0R07dqxZs2b58uXLly9fs2bNjh07KgcHIgAAIGrBRgCHDx/etGnTI4888sgjj2zatOnw4cNzcJ4we6YTAezbty9f9Rw4cKDKp1QfAaxatSrf+GynAPfcc09zwj333DOrh7ty5cqDDz744IMPXrlyZWZb3r59+6JFi5qrsGjRou3bt8/IQS9eHOzrP3rp0qXkxrY339ry/I61655/esOL659+4dSpM9U0VX0E8Mgjj3z84x+v5ko//vGPP/LII1U2WxwBDA8Pt7e3X758ufr6v7m5+ROf+MTIyEjliQDt7e0VVgTo7+9/4IEH1q5de+DAgUuXLl26dOnAgQPPPPPMAw880N/fX+5ZIgAAoCF+/vOf/78Jq1evfuWVV/IfCr3yyiurV69OPvrEE0+Ua2eag5mXX365mt1qjQD27Nnz0EMPPfTQQ48//vhjjz2W//eePXumc6rQWNOJAL773e/mq57vfve7VT6lyghgov6fgxSgtG6cvWNdvHhx4pf2ne985+LFizPY+G233VZNVZz32c9+dkYOumPHnu2vdWzduv2dd/rPnj139NiJna+/ufHZl9et3/rU2i1Prd2yYeNL+7t7q2mq+gigyvo/71Of+lSVzRZHAGfPnu3u7q6p/m9ubl6/fv2UT+nu7r548WLqG7K/v//HP/7xoUOHUh9avnx5uf86igAAgIb4L2k2bty4adOm1IfKtVPlYOb8+fMbN2687777li1bdt99923cuPHChQsvv/zysmXLqnl6TRHA4cOHH3roodWrV588eTK/5eTJk48//vhDDz1kLgDxqjsC6Onpuemmm2655ZZPfOITN910U09PTzXPqhAB7Ny58/bbb69czt1+++013UpQjdKjzGz7E06dOnX33XfffPPNTz/99IYNG26++ea777771KlTM9V+9VXxjFxmfub/ztfffG7z9nXrX3jm2ZfXrtuy/ukXNj336tp1W558avNTa7esXb/16Q2/PHr0RDUNzsYsgD/+4z+ufxbAwYMHjxw5UlP9P+VdAHlHjhxJ/Tx/dHT0gQceSNb/a9asefLJJyd+7O/v/+u//uv33nuv9Llp/9Xc/PkPfH7zDPQSE+30Lv/oR5f3zkCLpfatXbZ2X+nm09sefHDb6bS9l6Vtr3yA1KeUOULN6jilxFNTrn0aDc6ymfqVATBP/PSnP/3pT3868eP777+/f//+/Gf+nZ2d77//frk9i1QTAfT29n7ve99btmzZsmXLvvOd7xT9o5qzrSkC2LRp00MPPXTq1KnkxtOnTz/00EObNm2a8lhnX2u5Z9LaA9WcH8y++iKAY8eO5T/NbmlpaWlpaW5u/va3v33s2LEpn1ihgJ+y/s+7/fbb6zjhCma8Nk516NChO++8c+HChb/61a9+8pOf/OQnP9mxY8fChQvvvPPOmboHfuL8b7rppptuuqn0uoq2T/NwV64Mj4yM9Pb2Pbtp27r1zz+xZtNTa7c8sWbTWPG/7vl167dufOalrreqvUkkuLUAuru7z507N+P1/7vvvnvu3LkDB1L+K7Bjx461a9cmtxRFALlcbtOmTTt37ix9bjQRQOpJnd72YGoCMAfVZsPr2bLXXlGZyGRONPxXBkBY8vVALpd74oknWlpannvuuVwu98Ybb5TOlp/YM9WUEcD58+f/6q/+atmyZZs2bbp06VJ+y4oVK5aNq+Zsa4oAHn300ccff7x0++OPP/7oo49OeawDa+9pee3sxL+FAASi+ghg27Zt999//913371gwYKJj1gHBgaOHj068ZHsggUL7r777vvvv//VV19NbaRCBJBv4c0333zzzTfLFaizUaLPQQTQ2dl522233XnnnW+88cbdd9+dP8rdd9/9xhtv3HnnnbfddltnZ+f0jzJx/m+//fY777zz2c9+NnlRf/Inf3Lo0KH9+/fP1GXmZwH09R15dtMrv3jyubfe6rl06fKhQ0d63+nv3Hvg8See3fjMS++801d9g8FFAF1dXYODg1XW/6kWL16c+tzBwcGurq7Sd+OaNWtSo4Gknp6eNWvWlG6POgIoX1PO/wigzuOLAAAIRv7TraKNV65cuXr1ajV7TpgyAnjmmWfy9f/Elvz8/4ZEAI888shUh0omALmzr7WIAAhE9RFA8lbzT3/609/4xjeefPLJ/EPr1q275557Pv3pT0/s8JnPfCa1kWoigPb29vkUAWzbtu2WW25ZsmTJzp07i8ryz372s7/61a+WLFlyyy23bNu2bZoHmmi2vb19ZGQkmQL8yZ/8SX9//8jIyJ49e2Y2Atjf/c7TG365Z8/eXC732o43Wls7crncoUNH1q57Yfv23RO7VSO45QDb29uHh4dTa/iNGzdWc/jm5ubUp+cXGix9Ny5fvjwfaU8onQUwPDy8fPny0udOFQH0Lv/oB8YUVPGJ7fmdN3++ZL+iCGBij2Qpn95+YuvnN6ccLG+ypDy97cHx/4jnC9z8Q/vWFmzMJSrgcjsUNrZs7b6Conli/2VrtyXr2cT2fclzq7H9yWYmmy65tCmvfbLBooeKDlzpzPeN77p2X2KfxAmknWrisfx1Fe1Q+UUp3R+Aee7++++///77c7nc6tWr77///meffXbKPVNNGQHcf//9y5Ytm1hQqaj+n40IYFo3AiSL/rOvtUzEAQfWJrKAxE6Ttw0UBgdF9xEcWJu4uSDRZstrB15rcb8B1ag+AtizZ88nP/nJ5ubm5cuXl9vnxz/+cXNz8yc/+cm2trbUHaaMAKpR5QlXaVbbX7du3c0337xixYqNGzemVq0f//jHN2zY0NLSctNNN61bt246x5po/9Of/vT+/ftHxlOAO+64I1//d3Z2Lly4ML/PggULpnlp+dr+xV/+6qm1W0+cPN3b2//of1336H9de+z4qf7+Yxs2vtT25lv5tWCrbDC45QArRABPPPFElYefZgTwrW9961vf+lZyS10RQO/yj07W3L3LPzpepRdtX745l9u8PFH4j+1W2M74EzZ/fuKfZdrvXf7Ria2bN2+eaLZoFsC+tWPVYnJK/L594xX+ZJG5b23yn2sr7nB624PJanjbvsKnTJSniTvuk9sLzqnG9nP7tiVaL3tpU+4w3mDqcwtmAZQ/87Gt+bI8cZ0T7ZWeasELUxQyVP6dl9sfgHnuvvvuu++++6a/55QRwHe+851vf/vbtZ1ciTqWA3z88ccnUoBTp07llwPcv3//FEdK1uqTRX3h3IDJn1JuFDiwNlnjrz0wlggkYoXxR/NJQaJZqKSmtQB27tyZr75Sl+h/9NFH8zXt66+/XqGFcg/lK6Y5uBFgeHj4jjvuqKZ8+9KXvjTNY02ofKAZOcQXv/jFiQaTKUBp/d/c3HzXXXdN/4jtHfs3Pbdt9eMbDx48fPbshb9ZvfEXTz43NHTl0KEja9dtffXV1pGRkepTgOCWA9y7d2+5GwHydfiUh//6179e7kaAvXv3lr4bS28EKI0A3nnnnZpvBEiW4rnc5Hz+RBGfZqJYL3MjwMRP5dpPhA0prY4r/LC7qAwtnHM++VPRLICSHVLqz7SKuugpiZbGf6q9/bIHTflUvOK1V3xu0ZyGqc68/A8Vzr8oFZj4xVV4UVL3B2Ce+9GPfvSjH/0ol8utWrXqRz/60YYNG6bcM9WUEcADDzywbNmyCxcu1H2quel9KeDPf/7zh8Y99thj58+fr3CgRIWenARQeEPA5E4lEUDKnQNl7yyw0AA1qXU5wG3btt18883Nzc2bNm1Kbs/PjP7jP/7jyl84H8iNADt37vzEJz5RuXz71Kc+VW4uQx0qH2tGDrFy5cpkm7fddls+BRgpqf+bm5tXrlw5nWNdujS0e8/eZ559ed36rb948rlnn33pypWRCxcvHT9+6urV0XcODvzN6o3PPPvy22/XcHt/cGsBVF4OsCgFuPnmm1988cVyOxepsBzgM888k9xSGgE8//zzO3bsKH1upQhg8vP8vEQEUHprf3KyfpURQLn2E61NVv3FEUBh5Tk+x71wHn7i0eojgJTPtNfuK32ooKovMEUEUK79xFUUX0rKLPwK157S4OTe6bc1lD3zsj+knmrq6U0Zi5TdH4B57oc//OEPf/jD6e85ZQTw3HPPLVu27Omnny7anvplSeXUGgHkcrn+/v5NmzY98sgjjzzyyKZNm/bv3//YY49NlQIUVfDJT/vLLBBQ9FF+wf0ChW0U/5RMG2BqdXwjwP3339/c3Pz4448nN/7N3/xNc3PzihUrKj83nBsBdu3alb+vIdWCBQvefPPNGTlQXun5z/gV9fb25tOZZArQ3t6+e/fuovr/5ptv7u3tnc6xXnp55+bnX1u77vn8/37x5HMbn/nlnj17X3hxx9atr73w4o41v9i07umtGzb+snV3x+Why9W0GVwEcPDgwaNHj1ao5OtOAY4ePdrX11f6bsx/KWDy+wKL1gIYGBhYsWLF6Oho6XOniADKzQIoigAK9qx6FkC59lPbLYwAynxSPPEh++xEAEVleNmnTL/91I/WE/PpK117pedWmAWQeubpP0x9qmYBADC1HxRauXLl1q1br1y5MjQ0tHXr1gcffLBoh3LtTBkBXLx48Qc/+MGyZcs2bNhw7ty5XC539uzZdevW3X///b291a5XXEcEUOr8+fNTpQCF9frENICCaj05079ov5RJAKV5QWIRAXMAqEEdEcDSpUubm5vzy9ft3r37jTfeGBkZ+eUvf9nc3Pztb3+78nNDuBFgwsTqBqX1f0dHx0wdJW8OIoCRkokA5UxzCsDIyMjTG15ct37rU2u3PPPsK5u3vLbl+R3Pbtr2iyc3/+LJ537x5HNrfrHpqbVbnlq7ee2657e+8Ktdre3VtBnccoBnzpzp7u6uXMyXpgAvvfTSlBFAd3d3uTls/f39P/7xj5MpwISBgYHly5enPpSrdS2AxO38E8V67/LlmxOhQOI5U0UA5drf/Pn0Y05GAIXF5L61yU+9pxUBJO/xL75XP/lQ8Q3zJaV07e0nCuHJBQOmvLSUHSYbLHmoqGCf+szLRgClpzp538G+tUWTGCYXEyj7O0nbH4B57qc//en3Svz85z9fvXp16faf/vSn5dqZMgLI5XKHDh3KpwBJ995778DAQJVnOyMRQG7KFKBcvT45Zf/say0tLRXm+icm9+cXAkg8drZg4b/CtAGmVEcEcOeddzY3N2/evPmb3/xmvvD55je/uXnz5uYq7jAP5EaACW+++ebEdxzmLVy4sKurawYPkTc3EcDQ0NDEi1LON7/5zaGhoWke6I039j694cX1T7/w0ks7d77+5q7W9u2v7d606eVNz217esOLa9dteWrt2P/Wrnt+3fqt1bQZ3HKA+UX7rly5UlMK8MlPfrLy/leuXGlvb79+/Xq592R/f/8DDzywefPmnp6e/FIK77zzzvPPP79ixYpy9X9u6m8EmFzov/CT/6Ltk7cBfHT58mpnAZRrP/0LAMb2/PzmkpvSU1a6rzsCyBXMj39w2+n0ifoPbttX5in1t59sfVvifv5KDadd+76yz00cvfQbAVIPUOaHcqc6EQGs3Vf6VQOVX5SU/QHIllOnTr366qs//OEPf/CDH7z66qtFy+lXUE0EkMvlBgcHN2/evGLFiu9973srVqx47rnnhoaGqj+9mYoAcokUoKOjo/ixgnX77yn6CoDxFQIn5vonFv4vmjpQ8PTEcw8UfJOABICa1BoBDA0NJWebL1y4MDnJ/OMf//jly5VmfVeIAG6//fZqKrpyXzdYt46OjokU4NZbb923b9/Mtp+XvIRyW2bE5cuXV65cWXRHQN7NN9+8cuXKyi9Q9U6fPnv27PnklkuXht5++9DmLa8+u+mViQhg3frn1z/9QjUNBrccYP6cDh8+POWn+skU4NFHH6288+HDhytU8nmjo6M7duxYs2bN8uXLly9fvmbNmh07dqTO/59Q5X81g5Lle8VjuPbUBQ5ncH8A5rNf/epXr776ak1PmZvBzAxGALlc7vz5852dnTN7hjDbao0Aent785XOLbfc8vDDD589ezb/1Zi33HJLfntfX1+Fp1eIAHbu3PmZz3ymckX32c9+tkILdevq6vrc5z535513dnd3z3jjeXMWAeT19fX97Gc/+8pXvrJo0aJFixZ95Stf+dnPflb5panb8PDwlStXJpb9v3hx8NXtrc9t3v7U2i1r123ZvOW1PXv2VtNOcGsBjIyMDA0NdXR0DA0NVZMCPPHEE0899VTl3fINVi7m6xNhBJDlijGKaxcBAFC/9957r6ZV+nJxRgAQo1ojgIMHDy5cuHDFihVFTzx69Oj999+/cOHCuiMA4pL6VX9XrlwZGRkZGhratat93fqtT2/4ZWtrR37jlEKMAEZGRgYGBnp6eqaMAKrU09Nz7Nix2Xgn9/T0zEazZJgIAIA5NTeDGREA1LEWAMyGQCOA4eHh7u7ugYGB6df/R44cOXDgwI0bN2bjnbxvn+ILAIjY3AxmRAAgAiAQgUYAIyMjQ0NDe/fuPXXq1HTq/9OnT3d1dV27dq3Rb3kAgOwSAYAIgECEGwGMjIxcvHhx7969dc8FOHLkSP57Jhr9fgcAyDQRAIgACETQEcDIyMjQ0FB3d3dPT081qwNOGBoa6unpOXDggM//AQAaTgQAIgACMUtfWFC9KSKAkZGR4eHhgYGBzs7O/v7+y5cvVy7+r1y50t/f39HR0dPTcxwAgACcPXu2dIx35syZRp8XzJ3UdwHMvYGBgcaewNQRQN7Q0FBfX197e3t3d/eRI0fOnTs3ODg4PDw8PDw8ODh47ty5o0ePdnd3t7e3Hzp0aGhoaFZPGgAAAKJz7Nixxp5AtRFA3vDw8NmzZw8ePNjd3d3V1dXe3t7e3qfN0z8AACAASURBVL53797u7u6DBw+eOXMm9VsTAQAAgJMnTzb2BGqLAAAAAID6nDlzprEnIAIAAACAuXDhwoXGnoAIAAAAAObCpUuXGnsCH3gNAAAAyIAPNPobOiHX9M3nG30KNEZnZ+fly5cbfRYAMGn9+vUDtXjxxRe7uroafdY0hkEsIRiskQiAxtN7ZlZbW9v169cbfRYAMKnWCGD9+vVtbW2NPmsawyCWEIgAiI/es6LtS5smLVrVX+Vzlm6f5fMqOFpTU10HNGYCIDQiAKpnEEsIRADER+9ZVkH5P26qWrv+inzOGTMBEBoRANUziCUEIgDio/cso3/VooJP/sd+ntiQMj9gfJfCsCC5tTAamHhk6fZ8c4lpBslnlWxetHTpxMkUZg7psxbScwljJgBCIwKgegaxhEAEQHz0nunGau3k1P/+VYvSS+3xcjslAiidSTDeZOHOixYlD5cy/2DswEXPWtVfUN6nnlVOBABALEQAVM8glhCIAIiP3jNd8afyU+06XmAX/FCcI+R/Xrp94p9FlX3BZIKiz/ALJxpMlvPl7jyY+o4EYyYAQiMCoHoGsYQgtc6/4447RACES++ZrqoIIPmpe1oEkLqaQL7V4go9cbyS4r0kOUieV2mpn3JWqYyZAAiNCIDqGcQSgtT6P08EQKD0nukq3whQOB8/lAig/FmlaviY6ejRo409AQBCIwKgegaxhKBc/V8uBRAB0Hh6zzLGyvfU5QALCvHCKf0VbwRImNaNAOkRQIWzSlXXmKm1ZcHi9cnK/ej6xQtaWmtu5+j6xRMNlbQJQFaJAKieQSwhKPf5f7kUQARA4+k9y6rwpYDl1+ubfKTMcoBFNfr4xpqWAywzC6Ds02ZwOcDZiAAAYIwIgOoZxBKC0gig3I8iAEKh96wo/Uv2kg8sWtWfmKifKO0rfHtgcRs1fylgubUAypzVnEUAR9cvXjAmsVfJ1sSGltZEm60tCxavb514MHmg1paJjetbFtQTOgAQgWQEsGnTptKav2ijCCDLDGIJQVEEUHpfgAiA4Og9g5Cc7D9XZjoCOLp+8WRt3tqyYLKuL9g6uXPJjQD5On9s58kWkv8cSw9EAADz00QEsH///oULFz788MPJgv/hhx9euHDh/v37RQDkDGIJQ+nd/pWJAGg8vWeDlL9FYK7UGwGUamnNld4RMF7ut6Z+aF82ApjcdeKnwtihIGkAYH5JzgIoSgFK638RQMYZxBICEQDx0Xs2TFEIUGnlvlkxw7MAih+ZKPInp/0nCvcaIoBy2QIA80/RWgATKUBq/S8CyDiDWEIgAiA+es/MmqsIYPKZRcsBiAAAKFK6HGA+BUit/0UAGWcQSwhEAMRH75lZMxwBVFWpF0wNcCMAAEVSvxFg//79qfW/CCDjDGIJgQiA+Og9M6sBywFOFv61RADFO1sOEGDe8qWAVM8glhCIAIiP3jOz5uxLAZNLCBbvWvylgKkRQLKNxevXF58CAPOGCIDqGcQSAhEA8dF7ZlasY6aSFAKAeUMEQPUMYgmBCID46D0zK5ox0+RNBbnSVQYBmE9EAFTPIJYQiACIj94zsyIaMyVuMFD/A8xnIgCqZxBLCEQAxEfvmVnGTACERgRA9QxiCYEIgPjoPTPLmAmA0IgAqJ5BLCEQARAfvWdmGTMBEBoRANUziCUEIgDio/fMLGMmAEIjAqB6BrGEQARAfPSemWXMBEBoRABUzyCWEIgAiI/eM7M6OztHR0cbfRYAMKnWCODFF1/s6upq9FnTGAaxhEAEQHz0npl16NChkydPNvosAGBSrRFAa2trX19fo8+axjCIJQQiAOKj98ys0dHRjo6OEydOmAsAQCDWV23z5s2tra3t7e1Xr15t9FnTGAaxhEAEQHz0nlk2Ojp66NChzs7ONgCISldXV19fn/o/ywxiCYEIgPjoPQEAiI5BLCEQARAfvScAANExiCUEIgDio/cEACA6BrGEQARAfPSeAABExyCWEIgAiI/eEwCA6BjEEgIRAPHRewIAEB2DWEIgAiA+ek8AAKJjEEsIRADER+8JAEB0DGIJgQiA+Og9AQCIjkEsIRABEB+9JwAA0TGIJQQiAOKj9wQAIDoGsYRABEB89J4AAETHIJYQiACIj94TAIDoGMQSAhEA8dF7AgAQHYNYQiACID56TwAAomMQSwhEAMRH75llo6OjfX19nZ2dbQAQla6urr6+vtHR0Ub/t5SGMYglBCIA4qP3zKzR0dG9e/cODAycOXPmHAAEYH3Vnnvuuddff72jo0MKkFkGsYRABEB89J6Z1dfXd+TIkZGRkevXrzf6XAAgl8vl1q9fP1CLXbt29fX1NfqsaQyDWEIgAiA+es/M6uzsvHz5cqPPAgAm1RoBvPjii11dXY0+axrDIJYQiACIj94zs9ra2nz+D0BQao0A1q9f39bW1uizpjEMYgmBCID46D0r2r60adyiVf2z0vjS7eUemvkjFjBmAiA0IgCqZxBLCEQAxEfvWV6i/s9LrdZn79AiAAAyRgRA9QxiCYEIgPjoPcvqX7Vosg4v/sQ+/2BJMjD2nKVL848uWrSoeI+xXGHp9pI2J5tcur04AkgermTz5OFW9VeYWVDMmAmA0IgAqJ5BLCEQARAfvWdZ42V3aT1dMj1goixPluqJknyyak/+nCzXC59Y2Gjp4cbPqeRwlW4uKGbMBEBoRABUzyCWEIgAiI/es7yisny8ri6YHTDxc2ElXzxdoLCaL51ZMPa8wso+v1vBD0VNlE8pqmDMBEBoRABUzyCWEIgAiI/es7LCT+CXbi/ZVPiRfXE8ULSp8DP6xE/FH94nbgQo+Vw/ETmkHK56xkwAhEYEQPUMYgmBCID46D2rkvy4vcYIIFHPF1XzIgAAKCACoHoGsYRABEB89J7lFM7NT1Tileru9MfGCvpVRWv8zdSNAHMfARxdv3jBpMXrj5bds7Wl4sMAkCQCoHoGsYRABEB89J5lpazQN1aip8wDGCvDy9Tkk00lH5qp5QDLtTmFesdMrS0LFixoaS38WZ0PwAwQAVA9g1hCIAIgPnrPSgoK84LCvqAsL14aMOVj+cR3ARZtS/lSwNIJA5W/FHAOI4Cj6xenlPuJrUfXL168fn3L+PSAiVkArS0LFq9vnZg9kGwjMacgdXPB8crsDMC8kIwANm3aVFrzF20UAWSZQSwhEAEQH71nZtUzZkpPAJLbj65fnCzOkxHA5OSB1pYFichgck5BYntry9jm5CHL7QzAPDERAezfv3/hwoUPP/xwsuB/+OGHFy5cuH//fhEAOYNYwiACID56z8yqZ8w0UZiXfaAoJCiIACafWbB7ssHxB1IPVG5nAOaL5CyAohSgtP4XAWScQSwhEAEQH71nZs1eBFC4UEDFCKB4ucCxBCF9tkGZnWu+CgBCVbQWwEQKkFr/iwAyziCWEIgAiI/eM7Nm70YAEQAA9SldDjCfAqTW/yKAjDOIJQQiAOKj98ys+sZMZWfoJ+7tryECcCMAAAmp3wiwf//+1PpfBJBxBrGEQARAfPSemTU7XwpYYwQw9XKAyRYtBwgwz/lSQKpnEEsIRADER++ZWdMZM+XX90/7cr5aI4Dc1F8KWPBJvy8FBJjPRABUzyCWEIgAiI/eM7OMmQAIjQiA6hnEEgIRAPHRe2aWMRMAoREBUD2DWEIgAiA+es/MMmYCIDQiAKpnEEsIRADER++ZWcZMAIRGBED1DGIJgQiA+Og9M8uYCYDQiAConkEsIRABEB+9Z2YZMwEQGhEA1TOIJQQiAOKj98wsYyYAQiMCoHoGsYRABEB89J6ZZcwEQGhEAFTPIJYQiACIj94zszo7O0dHRxt9FgAwqdYI4MUXX+zq6mr0WdMYBrGEQARAfPSemXXo0KGTJ082+iwAYFKtEUBra2tfX1+jz5rGMIglBCIA4qP3zKzR0dGOjo4TJ06YCwBAINZXbfPmza2tre3t7VevXm30WdMYBrGEQARAfPSeWTY6Onro0KHOzs42AIhKV1dXX1+f+j/LDGIJgQiA+Og9AQCIjkEsIRABEB+9JwAA0TGIJQQiAOKj9wQAIDoGsYRABEB89J4AAETHIJYQiACIj94TAIDoGMQSAhEA8dF7AgAQHYNYQiACID56TwAAomMQSwhEAMRH7wkAQHQMYgmBCID46D0BAIiOQSwhEAEQH70nAADRMYglBCIA4qP3BAAgOgaxhEAEQHz0ngAARMcglhCIAIiP3hMAgOgYxBICEQDx0XsCABAdg1hCIAIgPnpPAACiYxBLCEQAxEfvmWWjo6N9fX2dnZ1tQEVdXV19fX2jo6ONftcCMMYglhCIAIiP3jOzRkdH9+7dOzAwcObMmXNARWfOnDly5EhnZ6cUACAQBrGEQARAfPSemdXX13fkyJGRkZHr1683+lwgdNevXx8ZGTly5EhfX1+jzwWAXM4gljCIAIiP3jOzOjs7L1++3OizgJhcvny5q6ur0WcBQC5nEEsYRADER++ZWW1tbT7/h5pcv369ra2t0WcBQC5nEEsYRADER+9ZRv+qRU0pli5d2tTU1LR0e6Xnbq9in/Sn1fycaVDJQB28cQACYRBLCEQAxEfvWUa5CKCaGr2eCKDO2GAaVDJQB28cgEAYxBICEQDx0XtOIR8FLFrVP/ZzUameTAomNib3Gduh4hMK44al2+cmEFDJQB28cQACYRBLCEQAxEfvOYVKEUDpTIH89sl98nsUZQNJi1b1iwAgIt44AIEwiCUEIgDio/ecQoUIoPAD/sQD4//sX7Uo+dTipgryATcCQBS8cQACYRBLCEQAxEfvOYUKEcD2pQWPTMrvs2hR4S0AKXMAmiYbEAFAFLxxAAJhEEsIRADER+85hakigLSqvajWH99DBADx88YBCIRBLCEQARAfvecUqr4RILFj8VoAY88ubqpA0BHA0fWLFyQsXn+05OGW1jJPKHygrv0hICIAgEAYxBICEQDx0XtOYXrLARaV9inzAMZbnnwowOUAW1vKV+Zj1Xvy8daWiZ+Prl9clBjUuj+ERQQAEAiDWEIgAiA+es8pTPGlgMmqfmKnwn0KlwwoSAGSMwIm8oRFq/oDiwDKJQBj1fzilpbkp/qFVXzyp1r3hwCJAAACYRBLCEQAxEfvmVlVVzJH1y9evHhxyl0AR9evbx3bodwsgYKKvtb9IUAiAIBAGMQSAhEA8dF7ZlbVlUxry4LCj+mnXgsgN3l7f0pBX+v+EBARAEAgDGIJgQiA+Og9M6veSiZx5/6YCp/qp+1e8/4QEBEAQCAMYgmBCID46D0zq95KJn09//JV+/T3h4CIAAACYRBLCEQAxEfvmVnVVjLFH8u3thRP1i8s2lP2rxgBTL0/BEQEABAIg1hCIAIgPnrPzKplOcDCin2KtQBmfH8IiAgAIBAGsYRABEB89J6ZVUsl09qyIOUbAcalT/Wfuf0hICIAgEAYxBICEQDx0XtmlkoG6uCNAxAIg1hCIAIgPnrPzFLJQB28cQACYRBLCEQAxEfvmVkqGaiDNw5AIAxiCYEIgPjoPTNLJQN18MYBCIRBLCEQARAfvWdmqWSgDt44AIEwiCUEIgDio/fMLJUM1MEbByAQBrGEQARAfPSemaWSgTp44wAEwiCWEIgAiI/eM7NUMlAHbxyAQBjEEgIRAPHRe2ZWZ2fn6Ohoo88CYjI6OtrV1dXoswAglzOIJQwiAOKj98ysQ4cOnTx5stFnATE5efJkX19fo88CgFzOIJYwiACIj94zs0ZHRzs6Ok6cOGEuAExpdHT05MmTHR0dV69ebfS5AJDLGcQSBhEA8dF7Ztno6OihQ4c6OzvbgIq6urr6+vrU/wDhMIglBCIA4qP3BAAgOgaxhEAEQHz0ngAARMcglhCIAIiP3hMAgOgYxBICEQDx0XsCABAdg1hCIAIgPnpPAACiYxBLCEQAxEfvCQBAdAxiCYEIgPjoPQEAiI5BLCEQARAfvScAANExiCUEIgDio/cEACA6BrGEQARAfPSeAABExyCWEIgAiI/eEwCA6BjEEgIRAPHRewIAEB2DWEIgAiA+ek8AAKJjEEsIRADER+8JAEB0DGIJgQiA+Og9AQCIjkEsIRABEB+9Z5ZdvXq1t7e3o6OjDaios7Ozt7f36tWrjX7XAjDGIJYQiACIj94zs65evdrR0dHT03MQqEJPT09HR8e7777b6PcuALmcQSxhEAEQH71nZvX29vb09Jw4ceLcuXMXgIrOnTt34sSJnp6e3t7eRr93AcjlDGIJgwiA+Og9M6ujo+PYsWONLqwgJseOHevs7Gz0exeAXM4gljCIAIiP3jOz2trafP4PNTl37lxbW1uj37sA5HIGsYRBBEB89J4V9a9a1NTU1NS0dHv1z9m+tKbdG6atra3R9RTERwQAEAiDWEIgAiA+es9KxhOA6jOA7UtrTQwaRgQAdRABAATCIJYQiACIj96zgnwCsHTp0sKqfmzz+IbtS5uamhat6k8EBskYILl10ar+wkYWLV26aPyRuU4PRABQBxEAQCAMYgmBCID46D3LGy/1i0r+WiKAfFlfYOx5hTsvWtU/5xMIRABQBxEAQCAMYgmBCID46D3Lmqz0i2r+chHAxA9FZf7EZ//5B/M/1rPKwMwSAUAdRAAAgTCIJQQiAOKj9ywnWegXFv1VRwAln+snnjl2I8DknQFzTgQAdRABAATCIJYQiACIj96zjMKJ+ilz+EUAkEUiAIBAGMQSAhEA8dF7pktLAArnBBT+UOeNAFFEAPtXf21Bsa+t3j+7dVZZL9839+fx8n0NvGACIwIACIRBLCEQARAfvWeq0gI9WdunLPJXGAFUvRxguSPMhZoigPteLt7SiJr45fsWLCg4lZINs3ZcEQBjRAAAgTCIJQQiAOKj90xT8Dl/2qZkpV9wI8Dk9IHxLZW/FDDOCKCoKE5ME5jc+PJ9C762+uWJRyYeSN/+8n0FpXzaIYv3mdyzrjMpntuQb7lw6/jRklebcoj0ppinRAAAgTCIJQQiAOKj98ysGYoA9q/+WkGtnCzqJx6YentBfV8uAaj8UXytZ5J8XspJJGYYTBy6IHBImQvRqOkRzCERAEAgDGIJgQiA+Og9M2saEUCiji5+cKKKLvzMfvKnKranJgCpGyvtMOWZTD4tvWovOLevrd6f/tyiuQsCgHlPBAAQCINYQiACID56z8ya1nKAyc/KC6reiTK41ghg8p/pxX5KuV24KGDNZ1KwU0JywcGCCCDtF1FxUgDzkQgAIBAGsYRABEB89J6ZVd8sgOIF+GYuAhg/TrmP+8vcCJA8YK0RQMGtAxcmiv+S9QkSEUC5Ir+4KeYtEQBAIAxiCYEIgPjoPTOr7hsBClKAGbsRYLyt1WUn/KcuBzhZl9d8JiVVe1GIMPWNAAUnIQDICBEAQCAMYgmBCID46D0za5prASRv3C+3CF+NEcD4TPuytfTL9y0oXMxv7AmTa/VVfyYpVXvJBIHEWoWJQyS/3GDyBgEBQFaIAAACYRBLCEQAxEfvmVnT/UaAohQg5av4ao4Aqimmi27IL9y5+jNJua//a6v3J5YBuO/lgnkEaV8KmMwFyiwQwPwjAgAIhEEsIRABEB+9Z2ZVHQHMoSmX/YdGEwEABMIglhCIAIiP3jOzAowA9q/+ms/PCZwIACAQBrGEQARAfPSemRVWBJCfTS8AIHgiAIBAGMQSAhEA8dF7ZlZYEQBEQgQAEAiDWEIgAiA+es/MEgFAHUQAAIEwiCUEIgDio/fMLBEA1EEEABAIg1hCIAIgPnrPzBIBQB1EAACBMIglBCIA4qP3zCwRANRBBAAQCINYQiACID56z8zq6Og4c+ZMo+spiMmZM2c6Ozsb/d4FIJcziCUMIgDio/fMrJ6enr6+vkaXVBCTvr6+3t7eRr93AcjlDGIJgwiA+Og9M+vdd99tb2/v6+szFwCmdObMmb6+vvb29pGRkUa/dwHI5QxiCYMIgPjoPbPs3Xff7enp6ejoaAMq6uzs7O3tVf8DhMMglhCIAIiP3hMAgOgYxBICEQDx0XsCABAdg1hCIAIgPnpPAACiYxBLCEQAxEfvCQBAdAxiCYEIgPjoPQEAiI5BLCEQARAfvScAANExiCUEIgDio/cEACA6BrGEQARAfPSeAABExyCWEIgAiI/eEwCA6BjEEgIRAPHRewIAEB2DWEIgAiA+ek8AAKJjEEsIRADER+8JAEB0DGIJgQiA+Og9AQCIjkEsIRABEB+9JwAA0TGIJQQiAOKj9wQAIDoGsYRABEB89J4AAETHIJYQiACIj94TAIDoGMQSAhEA8dF7AgAQHYNYQiACID56TwAAomMQSwhEAMRH7wkAQHQMYgmBCID41Nt7bl/alLBoVf/kQ/2rFjU1NS3dPjMnOKvyVxHFqQIAMEkEQAhEAMSnnt4zX+MXm4gBIooAAACIkgiAEIgAiE/tved4AJCo8cemBIyFAOMRwMREgeQcgYL4oCAmSD6SeCC/edHSpflHFy0qd/T8loLZCeUOPPHk4lkAyZ0STy65ovItAAAwB0QAhEAEQHxq7j3HSvLkzP+irWmTBMb2L7x9INFOyQMTjxS2tmhVf37XyRNI/lyu/dJTSgYGYwV86TmMP5J2RQVPEgEAAMwpEQAhEAEQn5p7zzI1b2LzWMFcWN0vWtVfLj4o3Z68laB00kHh3sWJQIUzKq3ay591QbuFj5U9IgAAc0QEQAhEAMRn1iKAyT1KSu7iT9LTPn8vKr9T1htMfu5feDrJ5iYPm1azp6cByaMkrqgwHRABAAA0jgiAEIgAiM+s3QiQGgGUzqlftKq/5gggUYQXFu4pE/bTy/uUU5s6Aii8/18EAADQOCIAQiACID6zthxgLTP1y90gMNla8WNjVfiqgmK8YNfk5P/CGwESu9V0I4AIAAAgFCIAQiACID6z9qWA5T/RL/2UPnUeQEEpX1JwTzaVeKjsgn4zshxgagRgOUAAgAYQARACEQDxqbf3LFmov/ihar4UsOBpZb7Or+wMgYLvAixpZNGq/rTCvaj1Gr8UMNmSCAAAoHFEAIRABEB89J4AAETHIJYQiACIj94TAIDoGMQSAhEA8dF7AgAQHYNYQiACID56TwAAomMQSwhEAMRH7wkAQHQMYgmBCID46D0BAIiOQSwhEAEQH70nAADRMYglBCIA4qP3BAAgOgaxhEAEQHz0ngAARMcglhCIAIiP3hMAgOgYxBICEQDxqbX3fBUAAGbNLA1iYTaIAIhPHRFArX/oAABQDREAcan1L1wEQOOJAAAACIQIgLjU+hcuAqDxRAAAAARCBEBcav0LFwHQeCIAAAACIQIgLrX+hYsAaDwRAAAAgRABEJda/8JFADSeCAAAgECIAIhLrX/hIgAaTwQAAEAgRADEpda/cBEAjScCAAAgECIA4lLrX7gIgMYTAQAAEAgRAHF5sxaDIgBCIAIAACAQIgDiIgIgPiIAAAACIQIgLiIA4iMCaLiurq5Gn8Kcytr1Rs2LBcAcEwEQFxEA8ZnVCKBr5a1NTU1LttTa+W9Zkv6sLUuabl0ZXEmyZUlTqTKnP7Z94kK6Vt4a2CV1rby1jlesltZDut6ulbemvFYhnWX+PVTNn9esHDqUXwMAmSECIC4iAOIzmxHAliVNTbfeWkcZUS4CCFPVZ5uyY3hVVrYigNQXJag/vwb+xsJ7sQDIABEAcREBEJ9ZjADylVRxHdG18tZbV67Mf3B+68quxMeck3ttWdLUtGTlxMefEw+MfXheVKIlfkx8ZDp3tUvlinFijkD+qpOzABJnm99c+InveJslv7FZNRkBbFnSdOvKLaWvQrnfcurm5MmXXFsI11v68k1umPKK5uD0KtfhVZzhlpW3NiVegiVbJv8kJy475YUo+eNszJsLgMwRARAXEQDxmb0IYHyye1EN07Xy1pJqf7zkGN+cr1HGKo8tSyb2H2+yoGoraGFic+JZk1paWopr0aamlpaW2v/zVHSh5SKAcheVeiNAyVUlC9G0omtWLqcgAkh7FZKnWVgtT5xj4oeikw/vektev/Efq7yi2T69ChFAuT/4wjNM3o2TfEknG670Qow306g3FwCZIwIgLiIA4jNbEUBxzVTwgWNKAlCgcGvKLfSJHQoSgGRT6U0XFSozUaKkrQUwWXGlTleoYi2AMtX1rF9OYQSQ8iqk/l6LN060khIAhXW9g0V/OakxU4Urmu3TS1kLIPG+Sv2DLzzDkuI97d+DKc0Uv4cb8uYCIHNEAMRFBEB8ZikCKF/oFxQTZcqpKSOAtIK0eK3AsqXa97///XyJ8sgjj1RzLVMpOwsg5R6IqSOAZKAwWYlVuDV9hi9nygggUZSWmUierFSLTj686y06YnLuSlVXNNunVzE0Sf+DLzzDggaSz0kJqEpfiKL5N1Oe1Sy8OgBkiwiAuIgAiM/sRABpH4ynfZ5YdwQwvrFwOkB1Vcrg4OD3v//9mStRZioC2FJwf3lhyV15dbqZvJypI4DEhvHzLf+7rhABhHG9hWdZxfSMOT69OYgAKr0QtUYAg7Pw6gCQKSIA4iICID6zEgGUFsWTdw8X1id13ggwvnVlorHq5irPgvIHqulGgKIqq5aSeCZVHQFM7J2yQmNacwX7DwZzvcnTLLtSQemuc3pm1WURZW6JmTICqPhC1HQjAABMnwiAuIgAiM9sRABp9UGZjyjTK79qIoDxqdqFtU7lFctmxxTLASYvaooIoCDOaEoPTWZbTWsBTJ5+4RJ05RKfAK933JYlTUuWLCn+c5r6imZbncsB1hYBlH8hql8OEABmhAiAuIgAiM/MRwBlapbxGqKkgkq5tbyqCKBomcGituawREm766GkqEr7UsDEw8kJ2WM/l13ncHZVMQug9K7xwittKlqPvnhVvaCud0JiKfyik618RbOs0pT7Mn/wNa8FUOaFKErZGvLmAiBziMF7jAAAIABJREFURADERQRAfGbvSwEBAKAmIgDiIgIgPiIAAAACIQIgLiIA4iMCAAAgECIA4iICID4iAAAAAiECIC4iAOIjAgAAIBAiAOIiAiA+IgAAAAIhAiAuIgDiIwIAACAQIgDiIgIgPiIAAAACIQIgLiIA4iMCAAAgECIA4iICID4iAAAAAiECIC4iAOIjAgAAIBAiAOIiAiA+IgAAAAIhAiAuIgDiU0cEcAwAAGaBCIC4iACIj1kAAAAEQgRAXEQAxEcEAABAIEQAxEUEQHxEAAAABEIEQFxEAMRHBAAAQCBEAMRFBEB8RAClenp6Gn0KocvIrygjlzlfZeTly8hlAtkhAiAuIgDiIwIoZUg9pYz8ijJymfNVRl6+jFwmkB0iAOIiAiA+IoBShtRTysivKCOXOV9l5OXLyGUC2SECIC4iAOIjAihlSD2ljPyKMnKZ81VGXr6MXCaQHSIA4iICID4igFKG1FPKyK8oI5c5X2Xk5cvIZQLZIQIgLiIA4iMCKGVIPaWM/IoycpnzVUZevoxcJpAdIgDiIgIgPiKAUobUU8rIrygjlzlfZeTly8hlAtkhAiAuIgDiMycRwPm+1t37Zvw/EVPYt7u173xdzzSknlJGfkUZucz5KiMvX0YuE8gOEQBxEQEQn9mPAM73tT77xOqX3pqN/0pU8tZLq594tq4UwJB6SjX+itZ8tanQx/7Vv/vsf1q95/RsnV+54zY1NTV9dU3Vz6/uMlOPUkENJ+BY0zlWRl4+/RUwz4gAiIsIgPjMcgSQr/9Xr25MBLB6dV0pQCxD6q6urkYderoRQN7HPvXAztk6w0mvfO/f5g9321+/WeNTM1JDztdjZeTlC+8yAaZFBEBcRADEZzYjgIn6f/Xq1S+2Hzt26tzs/fei0LlTx461vzh26JpTgKrr266Vt6aMnZdsqeeUa9S18tamW1dGFwHk64rTb/38P/zrpqampqaPffGxvtk5w3GnN9xT/6FiCYNIlZGXr+oIoPqqvqadAWaYCIC4iACIz6xFAMn6P2HNUxs2v7b38KyEAecO731t84an1pQetbYUoKYIoEF1eNQRwODg4Avf+b/yhfnX187C6U3qe+yLH2tqampq+tf3bKj9toOZ+Hx1lkqpeXbQoGbIz+XvdgaONUMRQN8zyz7+h01/+PFlz/SJAICGEgEQFxEA8ZmdCKBM/Z9IAjbt7Dkxk/+9ONGzc1NK7V9XCjBDEUBijsDkTl0rb7115colY1u3rLy1aeLHpqYlWwa3JP5d0sz45sSmsd1Sj1Vm60yIJQJ4869vyx/4337vlTqeLgKYq4MGEAGc3rP66z9YO/XJTOcy1/7g60UrYDQoAnjhge+sebtkh4mDigCARhIBEBcRAPGZnQjg3MFdlSOA1atXP/Hs7v6Z+q9F/+4qDrfrYJVzD2YiAuhaeetkGb9lyUQN3rXy1kQ9nq/R87vli//8vycb3rIkkQZsWZKyR9ljJZ9a0MyYlpaW0pqjpaWlmiuP5EaAaSwDMDg4mJmZ5PNV9S/f6T2rv978sdm/AX7NV5uaPtZcHANMUx0RwCvf+7dNH/vUfa8lT8MsACAUIgDiIgIgPnN9I0BBVf5C54yMhE93vjDVkWbvRoAiiUo/WXJPlOCFqUFJ8V6pZC/YnGin3LHKtJFUlAJUWf8PztRygE3/cvH6WfxSgGktAzA4OBjiQmuOVcOxqnv5xsv/yWZnf7LDZAzQiFkAE2+MP/pq8VSA0p0B5pwIgLiIAIjPXC0H+NJbg4OD508fP9y7d+fWdWNbn3jprTq+s6/kMG+9NN7euq079/YePn76/OD4NwLUXP8PzsgsgC1LCh+Y2LOwXi9oIPmcovJ94vaAppQIoOKxks9J9f3vfz+/zyOPPFLdVQ8OzlgEMKtfCjC9ZQAGBwdFAJEfq7qX7/iunzciAvj5ruMzdKxaI4CJBKCpaXIqwOnXntvydsrOAHNPBEBcRADEpyFfCnh+oOOFp1avXr16Y+sM3AvQ37px9erVq596oWMgWenPwZcCzkEEsGV82YCugs1VRQCT55Jso9T3v//9mur/wRlYC+D4Kz/8VL7smq17Aaa5DMDg4KAbASLnRoDCQ+evbiIaG/NHX1390uqvN38sOSdABAA0kgiAuIgAiM8sRwCD4ylAQQQwODh4omPrEzMZATyxtaNoecG3Xqqr/h+ckQig4o0ANUQAReV9TTcCVHmqdZl2BDA42ysCTncZgMHBQcsBzt1BLQc425c5XtUXJwBJEyGACABoJBEAcREBEJ/ZjwAGBwfP97Xu3le07XTH1tVPvFK8tS77Xnli9daO4s/V9u2uq/4fnP3lAGuLACZ2H5vXn9+nxuUAZ/o7BEOPAKa/DMDg4KAIYO4OGkAEUO3JxP2lgBOTY9KNhQAiAKCRRADERQRAfOYkAkj11kszuRxg8SyD6ZjlLwWsbS2AxDIAY98ZODkNoGmKLwUsXUJgpgR+I8AMLAMwODjoRoDIZeTlqyUCmCIBGA8BRABAI4kAiIsIgPg0LAI4vHvLtu4ZWAxwcHBw8Hz3ti27D89MW4OZqRymI+zlAGdiGYDBwUHLAUZ+rIy8fHV8KeCM7gwww0QAxEUEQHwaFQEce7O1+Ob96TjR0frmsZlqTAQwpRmIAD72r/7dZ//TzK6LVqbEqr+YyUgNOV+PlZGXL7zLBJgWEQBxEQEQn8ZEAOeP9fXPYAAwODg4eKLv4JEZmlQgAphSRn5FGbnM+SojL19GLhPIDhEAcREBEJ/GrQUQLkPqKWXkV5SRy5yvMvLyZeQygewQARAXEQDxEQGUMqSeUkZ+RRm5zPkqIy9fRi4TyA4RAHERARAfEUApQ+opZeRXlJHLnK8y8vJl5DKB7BABEBcRAPERAZQypJ5SRn5FGbnM+SojL19GLhPIDhEAcREBEB8RQClD6ill5FeUkcucrzLy8mXkMoHsEAEQFxEA8REBlDKknlJGfkUZucz5KiMvX0YuE8gOEQBxEQEQHxFAKUPqKWXkV5SRy5yvMvLyZeQygewQARAXEQDxEQEAABAIEQBxEQEQHxEAAACBEAEQFxEA8akjAmgDAIBZIAIgLiIA4lNHBDBLZwIAQMaJAIiLCID4iAAAAAiECIC4iACIjwgAAIBAiACIiwiA+IgAAAAIhAiAuIgAiI8IAACAQIgAiIsIgPiIAAAACIQIgLiIAIiPCAAAgECIAIiLCID4iAAAAAiECIC4iACIjwgAAIBAiACIiwiA+IgAAAAIhAiAuIgAiI8IAACAQIgAiIsIgPiIAAAACIQIgLiIAIiPCAAAgECIAIiLCID4iAAAAAiECIC4iACIjwgAAIBAiACIiwiA+IgAAAAIhAiAuIgAiI8IAACAQIgAiIsIgPiIAAAACIQIgLiIAIiPCAAAgECIAIiLCID4iAAAAAiECIC4iACIjwgAAIBAiACIiwiA+IgAAAAIhAiAuIgAiI8IAACAQIgAiIsIgPiIAAAACIQIgLiIAIiPCAAAgECIAIiLCID4iAAAAAiECIC4iACIjwgAAIBAiACIiwiA+IgAAAAIhAiAuIgAiI8IAACAQIgAiIsIgPiIAAAACIQIgLiIAIiPCAAAgECIAIiLCID4iAAAAAiECIC4iACIjwgAAIBAiACIiwiA+IgAAAAIhAiAuIgAiI8IAACAQIgAiIsIgPiIAAAACIQIgLiIAIiPCAAAgECIAIiLCID4iAAAAAiECIC4iACIjwgAAIBAiACIiwiA+IgAAAAIhAiAuIgAiI8IAACAQIgAiIsIgPiIAAAACIQIgLiIAIiPCAAAgECIAIiLCID4iAAAAAiECIC4iACIjwgAAIBAiACIiwiA+IgAAAAIhAiAuIgAiI8IAACAQIgAiIsIgPiIAAAACIQIgLiIAIiPCAAAgECIAIiLCID4iAAAAAiECIC4iACIjwgAAIBAiACIiwiA+IgAAAAIhAiAuIgAiI8IAACAQIgAiIsIgPiIAAAACIQIgLiIAIiPCAAAgECIAIiLCID4iAAAAAiECIC4iACIjwgAAIBAiACIiwiA+IgAAAAIhAiAuIgAiI8IAACAQIgAiIsIgPiIAAAACIQIgLiIAIiPCAAAgECIAIiLCID4iAAAAAiECIC4iACIjwgAAIBAiACIiwiA+IgAAAAIhAiAuIgAiI8IAACAQIgAiIsIgPiIAAAACIQIgLiIAIiPCAAAgECIAIiLCID4iAAAAAiECIC4iACIjwgAAIBAiACIiwiA+IgAAAAIhAiAuIgAiI8IAACAQIgAiIsIgPiIAAAACIQIgLiIAIiPCAAAgECIAIiLCID4iAAAAAiECIC4iACIjwgAAIBAiACIiwiA+IgAAAAIhAiAuIgAiI8IAACAQIgAiIsIgPiIAAAACIQIgLiIAIiPCAAAgECIAIiLCID4iAAAAAiECIC4iACIjwgAAIBAiACIiwiA+IgAAAAIhAiAuIgAiI8IAACAQIgAiIsIgPiIAAAACIQIgLiIAIiPCAAAgECIAIiLCID4iAAAAAiECIC4iACIjwgAAIBAiACIiwiA+IgAAAAIhAiAuIgAiI8IAACAQIgAiIsIgPiIAAAACIQIgLiIAIiPCAAAgECIAIiLCID4iAAAAAiECIC4iACIjwgAAIBAiACIiwiA+IgAAAAIhAiAuIgAiI8IAACAQIgAiIsIgPiIAAAACIQIgLiIAIiPCAAAgECIAIiLCID4iAAAAAiECIC4iACIjwgAAIBAiACIiwiA+IgAAAAIhAiAuIgAiI8IAACAQIgAiIsIgPiIAAAACIQIgLiIAIiPCAAAgECIAIiLCID4iAAAAAiECIC4iACIjwgAAIBAiACIiwiA+IgAAAAIhAiAuIgAiI8IAACAQIgAiIsIgPiIAAAACIQIgLiIAIiPCAAAgECIAIiLCID4iAAAAAiECIC4iACIjwgAAIBAiACIiwiA+IgAAAAIhAiAuIgAiI8IAACAQIgAiIsIgPiIAAAACIQIgLiIAIiPCAAAgECIAIiLCID4iAAAAAiECIC4iACIjwgAAIBAiACIiwiA+IgAAAAIhAiAuIgAiI8IAACAQIgAiIsIgPiIAAAACIQIgLiIAIiPCAAAgECIAIiLCID4iAAAAAiECIC4iACIjwgAAIBAiACIiwiA+IgAAAAIhAiAuIgAiI8IAACAQIgAiIsIgPiIAAAACIQIgLiIAIiPCAAAgECIAIiLCID4iAAAAAiECIC4iACIjwgAAIBAiACIiwiA+IgAAAAIhAiAuIgAiI8IAACAQIgAiIsIgPiIAAAACIQIgLiIAIiPCAAAgECIAIiLCID4iAAAAAiECIC4iACIjwgAAIBAiACIiwiA+IgAAAAIhAiAuIgAiI8IAACAQIgAiIsIgPiIAAAACIQIgLiIAIiPCAAAgECIAIiLCID4iAAAAAiECIC4iACIjwgAgP+fvfsOa+rsGzh+EHHvvVBQA4gLwb1xD9wDR1Vcta2j+rrrwvVoq1VrbR21ap0trdW6bVXcCwEnVbYgIqACsgNJ3j+iaWTYaBM5t3w/1309F4aQHKLNk98355wAgEyQACAWEgDEQwIAAACATJAAIBYSAMRDAgAAAIBMkAAgFhIAxEMCAAAAgEyQACAWEgDEQwIAAACATJAAIBYSAMRDAgAAAIBMkAAgFhIAxEMCAAAAgEyQACAWEgDEQwIAAACATJAAIBYSAMRDAgAAAIBMkAAgFhIAxEMCAAAAgEyQACAWEgDEQwIAAACATJAAIBYSAMRDAgAAAIBMkAAgFhIAxEMCAAAAgEyQACAWEgDEQwIAAACATJAAIBYSAMRDAgAAAIBMkAAgFhIAxEMCAAAAgEyQACAWEgDEQwIAAACATJAAIBYSAMRDAgAAAIBMkAAgFhIAxEMCAAAAgEyQACAWEgDEQwIAAACATJAAIBYSAMRDAgAAAIBMkAAgFhIAxEMCAAAAgEyQACAWEgDEQwIAAACATJAAIBYSAMRDAgAAAIBMkAAgFhIAxEMCAAAAgEyQACAWEgDEQwIAAACATJAAIBYSAMRDAgAAAIBMkAAgFhIAxEMCAAAAgEyQACAWEgDEQwIAAACATJAAIBYSAMRDAgAAAIBMkAAgFhIAxEMCAAAAgEyQACAWEgDEQwIAAACATJAAIBYSAMRDAgAAAIBMkAAgFhIAxEMCAAAAgEyQACAWEgDEQwIAAACATJAAIBYSAMRDAgAAAIBMkAAgFhIAxEMCAAAAgEyQACAWEgDEQwIAAACATJAAIBYSAMRDAgAAAIBMkAAgFhIAxEMCAAAAgEyQACAWEgDEQwIAAACATJAAIBYSAMRDAgAAAIBMkAAgFhIAxEMCAAAAgEyQACAWEgDEQwIAAACATJAAIBYSAMRDAgAAAIBMkAAgFhIAxEMCAAAAgEyQACAWEgDEQwIAAACATJAAIBYSAMRDAgAAAIBMkAAgFhIAxEMCAAAAgEyQACAWEgDEQwIAAACATJAAIBYSAMRDAgAAAIBMkAAgFhIAxEMCAAAAgEyQACAWEgDEQwIAAACATJAAIBYSAMRDAgAAAIBMkAAgFhIAxEMCAAAAgEyQACAWEgDEQwIAAACATJAAIBYSAMRDAgAAAIBMkAAgFhIAxEMCAAAAgEyQACAWEgDEQwIAAACATJAAIBYSAMRDAgAAAIBMkAAgFhIAxEMCAAAAgEyQACAWEgDEQwIAAACATJAAIBYSAMRDAgAAAIBMkAAgFhIAxEMCAAAAgEyQACAWEgDEQwIAAACATJAAIBYSAMRDAgAAAIBMkAAgFhIAxEMCAAAAgEyQACAWEgDEQwIAAACATJAAIBYSAMRDAgAAAIBMkAAgFhIAxEMCAAAAgEyQACAWEgDEQwIAAACATJAAIBYSAMRDAgAAAIBMkAAgFhIAxEMCAAAAgEyQACAWEgDEQwIAAACATJAAIBYSAMRDAgAAAIBMkAAgFhIAxEMCAAAAgEyQACAWEgDEQwIAAACATJAAIBYSAMRDAgAAAIBMkAAgFhIAxEMCAAAAgEyQACAWEgDEQwIAAACATJAAIBYSAMRDAgAAAIBMkAAgFhIAxEMCAAAAgEyQACAWEgDEQwIAAACATJAAIBYSAMTzDgkAAAAAMBETvYgFTIEEAPG8QwKIAwAAAEyABACxkAAgHhIAAAAAZIIEALGQACAeEgAAAABkggQAsZAAIB4SAAAAAGSCBACxkAAgHhIAAAAAZIIEALGQACAeEgAAAABkggQAsZAAIB4SAAAAAGSCBACxkAAgHhIAAAAAZIIEALGQACAeEgAAAABkggQAsZAAIB4SAAAAAGSCBACxkAAgHhIAAAAAZIIEALGQACAeEgAAAABkggQAsZAAIB4SAAAAAGSCBACxkAAgHhIAAAAAZIIEALGQACAeEgAAAABkggQAsZAAIB4TJIBjc51cNx3b5OqkNffYe/i/CwAAAIiPBACxkAAgHtMkgH8m/9ubXKkAAAAAMAQJAGIhAUA8JkoAekN/pj8CAAAA2SMBQCwkAIjHVAcC3Nb98fYm19f+DAAAAGSLBACxkAAgHhIAAAAAZIIEALGQACAeDgQAAACATJAAIBYSAMRj6tMBHpvrxD4AAAAAMAQJAGIhAUA8ptoLYO7cl58JyPwPAAAAw5AAIBYSAMRj+gMBAAAAAIOQACAWEgDEQwIAAACATJAAIBYSAMRDAgAAAEDu2fe50+f7Xv2BBACxkAAgHhMkAAAAAOBdkAAgFhIAxEMCAAAAQG7Qvv/PXgAQGAkA4iEBAAAAQCZIABALCQDiIQEAAADg/dJ//5+9ACAwEgDEQwIAAACATJAAIBYSAMRDAgAAAMD7kvX9f/YCgMBIABAPCQAAAAAyQQKAWEgAEA8JAAAAAKaX0/v/7AUAgZEAIB4SAAAAAGSCBACxkAAgHhIAAAAAZIIEALGQACAeEgAAAABkggQAsZAAIJ53SAAAAACAiZjoRSxgCiQAiIdnTwAAAAiHF7GQAxIAxMOzJwAAAITDi1jIAQkA4uHZEwAAAMLhRSzkgAQA8fDsCQAAAOHwIhZyQAKAeHj2BAAAgHB4EQs5IAFAPDx7AgAAQDi8iIUckAAgHp49AQAAIBxexEIOSAAQD8+eAAAAEA4vYiEHJACIh2dPAAAACIcXsZADEgDEw7MnAAAAhMOLWMgBCQDi4dkTAAAAwuFFLOSABADx8OwJAAAA4fAiFnJAAoB4ePYEAACAcHgRCzkgAUA8PHsCAABAOLyIhRyQACAenj0BAAAgHF7EQg5IABAPz54AAAAQDi9iIQckAIiHZ08AAAAIhxexkAMSAMTDsycAAACEw4tYyAEJAOLh2RMAAADC4UUs5IAEAPHw7AkAAADh8CIWckACgHh49gQAAIBweBELOSABQDw8ewIAAEA4vIiFHJAAIB6ePQEAACAcXsRCDkgAEA/PngAAABAOL2IhByQAiIdnTwAAAAiHF7GQAxIAxMOzJwAAAITDi1jIAQkA4uHZEwAAAMLhRSzkgAQA8fDsCQAAAOHwIhZyQAKAeHj2BAAAgHB4EQs5IAFAPDx7AgAAQDi8iIUckAAgHqcvjgcBAAAAQiEBQA5IABCP0xfHkwAAAAChkAAgByQAiIcEAAAAAOGQACAHJACIhwQAAAAA4ZAAIAckAIiHBAAAAADhkAAgByQAiIcEAAAAAOGQACAHJACIhwQAAAAA4ZAAIAckAIiHBAAAAADhkAAgByQAiIcEAAAAAOGQACAHJACIhwQAAAAA4ZAAIAckAIiHBAAAAADhkAAgByQAiIcEACCvuRMVO+pccPeT/l1OfAirx58Bo88H34mKze3HFQDeKxIA5IAEAPGQAADkKXeiYrufDOh3KnCoZ/Dwsx/CGuoZ3O9UYLeT/r6RVAAAeQgJAHJAAoB4SAAA8pRR54L7nQrM9bnd6KvfqcBR54Jz+9EFgPeHBAA5IAFAPCQAAHlKj5MBH8z7//prqGdwzz8DcvvRBYD3hwQAOSABQDwkAAB5SpcT/rk+rptodTnhn9uPLgC8PyQAyAEJAOIhAQDIU0gAAPBhIAFADkgAEA8JAECeQgIAgA8DCQByQAKAeEgAAPIUEgAAfBhIAJADEgDEQwIAkKeQAADgw0ACgByQACAeEgCAPIUEAAAfBhIA5IAEAPGQAADkKSQAAPgwkAAgByQAiIcEACBPycUEMN87ggQAAMZCAoAckAAgHhIAgDzF4AQQ46vRaDRJW167MOJYctYLDVkRx5I1keEkAAAwGhIA5IAEAPGQAADkKW+TAJSRyRrf+3oXesdFJisjSQAAIAMkAMgBCQDiIQEAyFPeKgEcC0/SPIvRXTg/XOkbHqeXALQ7BWg0Go0mOW6+3tVeXao85v361Z7FDD8bcSxZeSw86Z8reMdF6j0tv4oOWa5GAgAAPSQAyAEJAOIhAQDIU94uAXjH+L428Cdt8dYlgIhjyRpdINjy7FUFuJ/0z5EC/3ytvxdAxLFk/WQQ4/vP2B+85ZlG/0f0ywIJAAD0kQAgByQAiIcEACBPecsEELzl2av53Dsu8lnMcF0C8I57/YiAV5O8fgLI/kCANx4UkH01IAEAQGYkAMgBCQDiIQEAyFPeNgHMD1dq5/CXX+gm//tJr79Fr5vY/9ntX+88ApkTwGunGHhVEF75JwFkuRoJAABeIgFADkgAEA8JAECe8rYJYLh3XGRy3HztkfnewQYkAP1d+jX6pwPIIQG8HP5ffvf1vQBIAACQExIA5IAEAPGQAADkKW+dALTD/31tCAj+9wMBst//P+cEkCklkAAAwDAkAMgBCQDiIQEAyFPePgG8PMP/ywH+rU4H6B0X+a97AWS+vkZ/xwESAADkhAQAOSABQDwkAAB5yjskAL1JPtOb/9l/KOCrQwA0Gr39Al5+UuDLDwV8bbbXu37Sln/2JiABAMCbkAAgByQAiIcEACBPMTgBiLdIAADyFBIA5IAEAPGQAADkKSQAAPgwkAAgByQAiIcEACBPIQEAwIeBBAA5IAFAPCQAAHkKCQAAPgwkAMgBCQDiIQEAyFNIAADwYSABQA5IABAPCQBAnkICAIAPAwkAckACgHhIAADyFBIAAHwYSACQAxIAxEMCAJCnkAAA4MNAAoAckAAgHhIAgDylx8mAoZ65P64bfQ31DO75Z0BuP7oA8P6QACAHJACIhwQAIE8ZeTa436nAXJ/Yjb76nQocdS44tx9dAHh/SACQAxIAxEMCAJCn+EbGdjvp3+9U4AezL8BQz+B+pwK7nfS/9jg2tx9dAHh/SACQAxIAxEMCAJDX+EbGjjwb3P2kf5cTH8Lq8WfAqHPBzP8A8hoSAOSABADxkAAAAAAgHBIA5IAEAPGQAAAAACAcEgDkgAQA8ZAAAAAAIBwSAOSABADxkAAAAAAgHBIA5IAEAPGQAAAAACAcEgDkgAQA8ZAAAAAAIBwSAOSABADxkAAAAAAgHBIA5IAEAPF0XHY6ITG3n8IBAAAAgyUkJnX/0jO3X0cDJAAIaNYeH++g6Nx+GgcAAAAM5R0UPXefb26/jgZIABBQaFR8x2WnrgdEJbIvAAAAAOQtMTHJOyi647JTQZFxuf06GiABQEAqlSo48vmsPT4dl512+uI4i8VisVgsFosl29X9S8+5+3wDIp6pVKrcfh0NkAAgJpVKlZKSkpCQ8AIAAACQsYSEhJSUFOZ/yAQJAAAAAACAPIEEAAAAAABAnkACAAAAAAAgT4h7SyQAAAAAAACERAIAAAAAACBPIAEAAAAAAJAnkAAAAAAAAMgTSAAAAAAAAOQJJAAAAAAAAPIE/fHezc0t08Cf9RISAAAAAAAAQso08OvP/Jn+SAIAAAAAAEBgWROAduzX/5oEAAAAAACA8LLu+a+PcwEAAAAAAPCByDrkv2H+JwEAAAAAACCqbOf8nOZ/EgAAAAAAAKLKadQnAQAAAACsOxkAAAAgAElEQVQA8EEhAQAAAAAAkCeQAAAAAAAAyBNIAAAAAAAA5AlvnQAAZGWmJ7e3JS9ykpncfjwAAACAd/Txxx/n9iYAssf8n7tye+TPLLcfDwAAAOAdkQCAf8fwn7tye+TPLLcfDwAAAOAdkQAAyF1uj/yZ5fbjAQAAALwjEgAAucvtkT+z3H48AAAAgHdEAgAgd7k98meW248HAAAA8I5IAADkLrdH/sxy+/EAAACA5O7urv0YPA8Pj0zf8vLyyvotd3f3+Ph4Ozu797uZskMCACB3uT3yZ5bbjwcAAHgX2pkw69cwCjs7u/j4eN2n07u7u0t6U7p29ta/TnJysqur6zvfnaura1RUlPY2o6Ki9G/K1dV1+vTp2k3Sfqts2bKBgYF+fn7h4eEkABIAZKqoRf4qRYvUKlWiZskSFYsULmqR/z2dlP+M0jgrz8qXXypcWipZVSpvK9VoLplb/PebfPdhvXHj5m2d2/Ya4DxoZIchY5xdR7cf8FHrHn2btmqT6wmgVKnSlpbVq1WzLFSokFFu0ERKFCviVK92I7vq1pVKFS2Y3+i3b12x9DRn67W9a+79qO7eYbX2uVrv7l9Vf+3pX3Wfq3Wmtbt/tV39q/800HpD7xqftqlRrXwpI26SWc7yFy1RsIJloSq1ClWpVaBcFfPCxd5wZSNu0qsNyze8fDsf+/k7arq5VXRuWtTaumDZYuaFzKR/7iufmbn+HwEAmVABTCfbUVw7pUuvxnL963h4eAQGBpYtW/bd7s7Dw0P3Dr/+1/rKli179+5d3SbZ2dmRACQSAOQmf758jSuWm9mwzs52TY93bnmue7uz3doe6tBsV+vG0+oq7EqVyGfqz+d742Bf+Kzy0wcZQ+9mWHjKIwFUbyq1nvTPqt9PKln1Pd21vmLlpeqNJYeBUtspkssKafBG6aO90vhj0mdnpcJGmM3ebVBv0aFLf/cNrjvOuh78e9jpyI/OPRvhGTP0ZPig/XcHbjnRffL8xs1avP8EUNe+3sL5i/bt23fmzNmbvrd8fW4ePnx0376fp0+bUaF8hf/+WBldLcuK905svHdk5Ymv3dyHNqpRtohx/wuc5lzr5z5lT4+u5b9mWOj340M3jAn5dnTIt26v1qiQb91C1o96bX3rFvrd2NCNHwesG3FmrGKPS+nZPeoZcZOyDvP58lsUr9uy2uhlioW/1ll1pu43l+3XX7b96q/a83+pMnR+oWo2ZvnymToBmElmoyv3eeC0/WnTPbGNf0povPVJw3W+dRceUUxZXbX/sNJOlQuWKVWo0ni7r6bW3divxuQm5btWKFIjn5m5cTcDAD4AVAATyZoA3N3dMw35+tfJev23kjUBZHt3+jN/TglAd9SAl5dX1t/ou+++S05O1u7X4OHhkdOhBwIhAUBGzPPlm+NYz7tXR/++nYP7dwnu1zmob6egvp2C+nQM6uX8oGe7613bzKxvW8jclC9qc57qy15QekSpkjI0cemaeUEZBc7mXgIoVFxqPUmadk2a83c2a8AGqaKJ66Z5AalKXcmhv9R9njTuN2niSWnSKWmyp/T5eenzi9KUC9LkC9LkC9Kk8+8/ATR2cnJycmrfb9iIX7y7HAxpdCi82ZGILn9G9Tod0/tMTNc/o1oejWjzR8jXXmEzfr3UqkuP95kAZs6Y8/hxZEpyqkqlVqk1KpVapdL+rzopOSUoKNht5Nj//nAZV37zfHeOrA47/3Xg4dk3No/8ZnSTkoWNuS/AepcaZ4ZX9hlb9eGCVnE7pyT9vij5j6XJfyxLPpTD+mNZ8h9Lk35fFLf909D5LXzGVvtzaKVVXSobcZOyvPWfv+qoxfW2+jXYE+rw86NMq8HukLqbb1YeOMMsf36TJoCuVXpeb3YkuOXJ8OaHHjfbH93s5+dNdsU12ZHQeGt8o++eNVq7osZH7o6/H+j09I/Osfs7RP/a4fGe9qEbWlydbL/eFLskAICgmP9NJ+tIr93tX39aNmIC0B3Yr93JP9sE4OXllene37AXQE7br71N7REN2lsT/ZwCJIC8ZWiPinHX2nhd/+yp35SMoKnalX67U/z1tium1ixb0gj7bL8bczOzVpXKHerWOnhQ9+CB3YIHdA0e0DW4X+eXFaBPx6DeHYJ6Owe5tA/s2c6jtWN90+0OkN08X+K8sotvum+CWqPnUpy6jXd6wZxCgOlUtJPGHMh++NdfTUaacBuqO0qzrkmzrkozr0ozrkrTr0jTr0jTLklTL+VuAhjs7LB+VMPuE+f32nvXcfPNWlu8G+490+mQZ7Njj5z/jHb+M6bJ8cg6R8IV+4Oabru51+v2seuX53w2qMNbHhbwDr9C7Vq1T548nZ6h1q2MDHWG3h91a+fOPWXKlPnvD5oRHdk4LfTM/4KOzrmz8+M/3XuNbm1txBvfP8rea3SVoImWj6dYPv0/69jZtnFz7ePn14+fXz9+Xv34BQ3/WfPrx8+vH7egYdy8erGzFDHTakROsQycWP3qqMo/Dzfm/wf/M8SbmxdVOCn+d7zhvvB/XTW/2F2wYg393QGMuEn2ZZv+1vKUb1vvu60v+bc6E9zyRFjzw4+b/x7VzCOm6d7nTXZGND9wyDn8cOf4bFfT8t2NuDEAIC7mf5PSP85fNyFr53PdqQGMeCCA9ha05xTw8fHJ9La8rgtk2sJsE4DuhAWZTk+QU7D4j/Ei15kqAVhZWbVv397Nzc3d3f3AgQOenp65+J+Zg4PD9u3bY2NjNRpNbGzs9u3bHRwccmVLct2+VXXTb7X/4syB2yF/quPOalf63Z7pt9qn3Hbx/HWcx5YxOa11S/qXL1vMRBvWrEKpM93b3B/QJej1BBCUXQII7Nn2pHPTxiVMszFZhnnbq+keUarEDE1WT5XqNWGqChfeYwKoaJfjm/9ZV+tJptoMuSaAwyNtLo1uNHHx+mErNvVd/f3iH/7P62DzT39bY3kgSHHoUe1DjyoceFjII7DCllv1NvlMPuj36+UTAX4nf5nXq/fb7A3wtttfu7bC2/tWSmpGmlKVplSlKdWvvtB+rda7RJ2UnHbgwMFixUz131q2CpcsY92qa6PBn7T+dHG7KSuajZtXr8/oqg1b5i9Y2EyS1s0aeGP3pCtbPz6yfNDnvRrWrWrMA+8PjVTcGV8t4vMacTOsE6dXTV7UMOWnT1L/Wp96eHnKmq7JM6unzLJKmWWVPL1qyvIWqYeXp3rtT/XcnLxxUOJMq7jpVhFTatwcW+XASFsjbpJuhi9cs6Ht12fr7wqpv/vhv69dwTUXeBQoV80UCWBDi3OeHcIutfe/3vbWmjZfTWv9yfTWH89oPX5mq7GzWo2Z3cptQruZ49rPzbo2drxyuHP8/Ib7LPIVNOL2AACQ1RsGY1dX1+TkZHd392wzwX/n5eWlTQxamU4BoL+FWROA7oQFWX/qfSaAbCaNN/ov92WEBODg4NC+fXt3d/ft27d7enq++Rf4r3f29tzc3LTZycrKSpIkKysrbeZxc3N7b9tg6r9Fw2kTQMLNrqm3u6XfebVuOWf49VeHL9VEfvuGlRG+rl/3BqbYKnMzs31tnW71dvbr1ylgQNfXEoDuQIDXE0BgjzanOzQtYoojAl6f5LveTA9NUavUOf7FKdWagCR1yxvp7yMBFCoufXr6tSF/2jVp2M6XK9s0YNPRJFsiywTQtpnjxb4KHxeb+5PqB8ytH/hV3cfba176tWWxbTfN9/kX+iWw4C+B5vv882+/V3rd9arLz3Ved+Hhk+DkmN0PfH//aXnjJo1NlQCOHTudmJyenKpKSVUnp6r0V4ruf1NUyanqlFRVSqoqISndw+PAf3/cDFG4ZJlWHy/4ZNe5Xdf8LwZHBUc/C3/kc+/Rk7/8Hq0/davvsh2127ls+2HTr1u/2jSjd4s6lQvkN/J/dEfcFH4fV4uaavVievWUb/ukh99WpSWrMtLV6WmquMj0fVPTZlkqZ1ulb3NTPQtTpaep1GqVKj0j8VnagQUv/q/ak6lWd8ZXOzjC+AlAMjOznvdr3Z+C6u4MMXTtCKoxZ69uRwAjbtLGljeOd3p6usOjc+0ffNxqYiuDLW/326HOcVtb3bEsJurOigCAXNSxY8cSJUoYeOU3D8YeHh5eXl6mGJ51+//rf5HpqH7dFmZNALqfcnV1ff78uaurq24j/zUBGPHXebsAkLsJINutyfVBV8fBwUGj0WR9zz+ny03kX3/x9/bIeGwZ8+Y5/81rUK9GRt8kM/N8lq5Ov/V39nVpe6dPh/v9OgcN6Ko9EUDIEJcQt4HBo/oHDunqP7BdwKB2AQPbBgxsGzCgTcCA1gH9W89uVN08n7EPB3g1w9e6otwUoVLqDf8ByeqMHFpAbLpmWkBGlYsmTgCtJ/0z2/dcIVW0e23CL1Rc6rkicwL49LRJtsTgBNDym9vtv7ubabVe511q8CrJorCB92bgZN6rpcP5brZhnyjCp9o8mm3zeEXt6G1W5+Y3bb3m5wZbjlX4/nyBH+8W+uFW0e98Sq+5WnHJWet5f645eifj2W718233Lg/u51LXFAlg2udzkpJVicmq+IS0n7d73rgSEBOTmJyiinuRFhOTGPM08UWiMilFFfk4/sLpe7u3nHqRoExMViUmq0Z8ZMLzApiZmRUtU6HVyKmL9l/2Co99mqyMTlJGPQ1N9f084+bElHO9oi7P/Dsq4U5k/Kbjlw8cOLBs2fKKZUoY/b82SZKOutW+P6Fa1NQaicuaZzz+W63RqNVqtUajVmvUGo065UXGrgnpK1qoY4JffkutVqs1arU6Iy05ae+0qMlV746vdtjoCSBfvnIun9j/FPSvq97OoNa/hNbb+c8lpTt8pK0ARtykBQ33He4cf6zT8xMdwka3nNSiRYvU1NSEhITnz59HR0efPHly6NChPXr02L9/f0RExJMnTy5dujRmzJgWLVosafvzoc5xv3V+1r7aCDOzfEbcJADA29INSrm9IZlp3zHN9lu2trYtW7Y08HayzsPTp0/X/lG3W74RZ2bdDgW6vQl0w7zupH1ausMBsk0AukMVHj586O/vTwJ4l2198y/wn+7s7W3fvl1/nxB92t0WTHfXmR6Qf71yph8xERkmgMJ1Klb7wc11yeBzPVrfdGl7r7ezf5+OQQO6PvlxwxMfH79boX63g6PvXH5yanXI1rbhPzaP/KnFsz0t4n9pkfBri9vfOdpYFjHyBr2a4e8kZn7z3/Zq+qqHGQnp2WcApVpzPV5twgRQqPjL9/mH7ZRKVpUq2kmfns7mgP+spwkwxY4AryeAGst83E+G7/WJWXHqUd2VvvoJIDpBmfWx8gyMr7LgkuE7CBg4mS/sXi94rE3YBJuwKTbhs2weL1VEbbb2davlNaKB1+yO42cuKL32WplVV8ot9qw4/y/LOSerTj3kvORQRPgJTfSy5LD+k8bVNnoCsK9TPyAoIj4x40Viuve1wDbVJ/VqMHey6/rVX/wyY9Smya7rJw/5ds7YLWsX/vZJ37Xd7Ga2spx491ZYfGJGfGKG59lr5ctXfKe/nn9n2aj1/209fDXkaVh83L1ngWcfeQY+j3n+4MeMgFWqh1tVl/sFH+x78s4j70ex+377ffv27aMXfF2uem1TbMkxt9r3J1SLnlQh+Y8lGaoMtUajfhGdcf4Hld9fL1tAVIDqwla1SqXWaFSR9zOO/k/19xm1WpOh1qTGhEXPbXBvfJUjxk4ABasqaq29ZLvN/w2r/k8BI48/2nE39vrj5BY7/9ZdXmPR7/lLljduAhhp4649qv+PjtEftZjUtGnT1NTUAwcOTJo0yd3dPSws7Pbt23Pnzo2Pj589e/akSZM2btzo6uratGlT9zb7fu8St69HwvSWxwvlL27ETQIAHUtLy5s3bz58ZfTo0W/14+3bt/f29m7fvv17+KncZeBc8F9Ur1599uzZJ0+eDA8PT01NNeRHtPN/pq3q1atXpUqVJEmysLDo1q2bgTsC6O/kr9FotAO/7hLt2/KiH0VvOgZOgkYZGD/wBBAbG6vd/z8rKyur2NhY0921/i9rYAIw8Mr/hQwTQNlhTa1+Gmu/Y9ymwc7Xure+3bOtX5+OT08duROeMmNP8sBvkgd+k7zg12T/iNSEwF+T/2qX7tkm41xb1fm2qgttk860GuBc3sinBXw1w2fzr/eMsuBZZcPrymvxOR4YYMIEUL/fyzf/pVdnBMj2HX79PQV0+wsYnV4CaLr+bvCzVGWGWqPRpKvUdx4n2S33fkMCuBuZXG3xDbNpRk4ArZs6HhlS56GbTeh4m7BJNuEzbCIWKZ58a+0/Q/F489Qrf2xpsvRw5cVnK849UeHzg2U/8Sj/6a/lPv7Z6uOtV6+u10RO1Tz/fP7/WTc27FgAwx+nWbMWPHma9Dw+I/ZFxqUzfp2sp7nYzO5pM8fFdnZPm9k9bWb3tJ3TUzHbxXZ2T9s5LrZzOlhN9b4WFPsi43l8ekh4TOvW7d7pr+dflKmumL7f+0FMYkxi2s4Hqzfemz//+pB9f+8JCz6nPNc541QT1aEqYb+2Pnbn0anbgRs3b/l63bff/n6u2chpptiY49oE8GnZ5Ov7M9RqtUaT8eca5YwqynkKdeR9jUajUWVoUhM12m/tnaycXknp3lAdG6FSq1OVyuhVPe6NrWT0BFCm27haG+8ott7Pdtn+eH/yqYgbj5OiEpTxKRmRL1LrfnOp5ne3tN+tte5aEZvGxk0AnSxHaBPAwU5Phzab5OjomJqa+u233zZt2rRjx443btyIj4+fNm1acnLytWvXFi5c2LFjRycnJ0dHx/lt9u7tHr+tV8K63nHVyzUz4iYBgI6lpeXly5f/+zRurNt5D9zc3N72mGJTT0zVq1ffu3dvTEzMhg0bevXqVb169QIFChjyi2g0mqx7AVhaWnbr1s3CwkKSpLp169atW/cdNglv5Q3/Hoz1j0TnA08Ab75Hk26PhgRggHyFLSrP6W69e5zV3vGuiwYc69T8erdW4ZvX3XmUMnh9Uo9VSb1WJ7msTuqyMqnP14k+AfHpt6erLrVXXXZWX3VWX3VWX3P+8nNFQQuj7t36xgTw8gMCzimXhGT4J2UTAkyYAHqueDnMl6z6cneATnOzuZpNx8wJYIwJjip/lQBKLfA6FRCfpFTNPRbm/P29n32eqjWaNZ4RBadd0iaAWxFJugdHmaH+4+7zCgu8ev14v9X6O8ZNAL1bO3gNtQkZrggda/PwM5vwaTaPvrCJXFUrapPVjs+H1p/2i+X0o5YzjlaZcqDchJ+LfbS16KANRQZu6Lt47+ULi9RhH6lf7Dq9zqp1M0fjJoAfd+yOiVXGxKY/j0+/fuFBt5oz+9rN62f7RT+7ef3stP877+XXtl/0tfuii/X0mzdCnsanx8Slx8Qqe/cd8E5/PW9SrFylvvO+ufPkRXRi2uOEtN3+qy89Obrm5tQvz6/wDX9+69654JPjAn/vffT4jmNXfcN+nXR1w0ebt/5w/G7E4iPeZazrGH17jrvVvv9JtehPy6Xc+F2lnfOPLFXOqq6cUVl93/O1/7qUKenrXZSzLJVzrVWP/V4mgNUu98ZVOjLSxoibZGaev+LHa2tuvldri59u1d7i12Tng/4HQjZ4xwQ9T41PSX8SnxIcnRibnH4hNFax5mLV1Zesv79Vc/O9mpvuFm/V3yyfMZ+X6pVpfaDT08Od4w92eja48acNGjRITU319fX95Zdfzp07FxUVtXXr1pYtW27cuNHb2zs8PDwiImLp0qUNGjSY3WbPjy4vvuubtGpgcg/HtUbcJADQyWsJQPe2+VtVAMNf7b/DLODi4hIVFbVgwQLDTyes+39X7W+hu1ONRqP9K3BwcNBO/pUqVTL8WAC8szdM0EYfqz/wBMBeAJnILQHkL1esyor+VrvHWe0eV2vnuEVju1zq0S7ixo0Ze5J7rErq/XWSy+okl9VJLquSun6ZNPfn5PjQQxqvDpobnTTe2tXxj3UOxQob9fxkb0wAVpeVa8NUC4MzypxX2lxNz/Y6pkoAutP7Zz3g/1+X0b1KAA3X3I5KUP54PTrfjCvStEvFZ199GJsaGJNSevYVbQJo8JXvheAX2gdn142Yqu43ph4MiUpQDtpx37gJYGhbh3vDFEFDFCGjbEIn2IRNtgmdZnP3M7u/ljQdNnNG6bF7So/fV3rc3hLDthRz/b5Qn68LdFtWsMOC6et/SYrelvFwgCpu55kvm7cxagIoVbLMgcNnnjxVPnmmDAuPH9tlZT/buQPt5g+ymz/Qbv7AOvMH1pk/qM78QXXmD6zz8pK+NnPmjt7yOCr5yTPlk2fK2bOXWFj8e8I3nEXhol2nLr/+8GlUYlrEi9SwuJQdf69bdG3E5FMuWy8dvhEW6xMRfyn46Z9+kcfuPb5/cm3cvuFBC23+2PPdwTuPD9971GDgp0bcGK3jbrUfTKgWPali8sElKlWGWq1WPXuYcXGb6sgS1bktqrObVJ7fqTy/U53ZoPp5avo8hXJmtfT1LmplqkqjSU2Ii17Y+N64KsZNAOZFS1b6v21WG+/oVu/fAr/3iT4flhAenxabnB6dkOYXER8cnfg8SRmbnL7V65HV6otVVl2quuZa9Q2+VhvvlOo7NZ9R/+Ksi9ff1TZQmwAGNPrY3t4+NTX12rVr27ZtW7169bhx4xwdHVu3bj18+PCWLVsOGTLE19f36dOn9vb281rs+q5PwqqByRM6X6lYyiTncwWArKN7iRIljh07pn9cQKZLtD+yd+/emzdvNmnS5PLly4MGDdIdTbBr1y5Jktq3b+/n56d/I1l/SnunWa9pOrq3zXVfGPiDmlenIdOekszKyiqnWeltZ4EpU6YEBQU1aPDySb5Dhw6bN28OCAhIS0t78/Zk+8epU6ceOHBAkqSyZcu2a9dOkqQiRYr06tXrrTYJ78DAeVkWCUDmcvdcANl+/d+v/F/ILQFYVClVZa1rjd1ja+wea7l3nN2PboeH9bh3M3jgN8na9/+183/PVUk9vkocsTH50cObGt9uGp/OGp9OGp9OGp+Ol3c4lSia35jb9MYEsDZMlabSJGRout5Mf/OeAsbcJH2Fir/1/G/KBND6+3tKlfqjvQG60wEe//u5MkNdfu5VbQKo6u5lt9LnXmTyr7eelfzi+rxjYQmpGRqNxugJYEDLhjf61Q4YpAgeoQgdZ/PwM5sLbWzXdXCu0WdRyYFfWwzeWGDIZgvXTQV6rS7Q7X8FOi4s1GZWseafz1g6RR3dS/WoWcKj2b+tade6hUFHAhi42dWq1vD09ImITouMUZ46emtAvbmudea71lmgXUP+WQt1F7rWmT+m3fI7tyMex6RFRKdt3Li3cGFjnu2itGWtzX95P36RGnn88GPPv4JjEm4+jv7N687O874HbgRfD4u9HhZ76eHzcyHPzgREx+7u/eS7Drcnld114vw+30dnAmKaf7rUiBuj9TIBTK2e9FUHVVzky/P9PXmQsWlQ+hyr9FmW6bOrp8+unj67Rvpsq/Q51sr5tqq/z6g1GpVGk+J3Nnpqdb/xVY2cAEqUrTB9p+WGm5Ybbjbf4XckIPZhXFp0ovJpUvrTpPTgmKQrATF/R8bHvLpk9smAql9drLz6cpU1V6uu86r2rU9p13n5ChQy4iZVKmz9XasbB7rE/9b5Wd+G42xsbFJTU9etW+fg4GBvb29ra2tjY7Ny5cpnz555e3ufOnXq2bNnZ86csbGxmdfsJ4+u8XP6PK5VubOZZILTOQLA6+cCuHnzpqWl5ejRo7VjvJZ2/l+6dGmmH9FeoisI+ilBewXtPK877D+nn8p6TRP9ppnG/reqAKGhoXFxcW5ubnFxcaGhoX379n1DAjB8HHB1dQ0LC6tWrZokSXZ2dp6envfu3Zs2bVqdOnUKFnzTx8HmlABKlSql+1o3+ZMA3oNs/z1kFR8ff+/evfPnz8+cOXPkyJFt27bVHq/xVj7wvQBy8RMBNLJPACkRG28G7PMJ+PkN61bAvtSI7024F0DlkpXXDKy+a4x2Vfx53IQv3e7eDBr4TbJu/ndZldTjq8TuXyWO3JgckSUBXNjW6H0mgIXBGQkZmqg0dTufXEoAWffzz+0EkK5Sj9oXqEsAJ+/HJqWpys15mQD+fpLcdZNfzWXeRWZf+eTXoBepGdoHyugJYEgrB58+ivt9FcFDFcGjbPyGKK51sDkz3Kl538+Ldl9WoOeXZfotrzV0Ybk+7oU7zi/WbEoJxwml6rstXdgh7YFjRmijOL96N35UtG/VyIgJoErl6n+e8Ql/kvYoOu3g7suD684bZr9geJ2Fw+0XDq+z8CP7hcPr6NYC3RejWy7zvv4wPCot/Enahm93GzcBNOo55MrD51GH9yf8vPX5gokhsz+7FRF/58mLO09eXAp5eiYg+urD5+eCn/0VEONzeX/8ts7BS+r9tbTfD+cDd3qHHbv/pPmnS4y4MVovE8DnVZN+GKlKTVSr1er4Jxkb+qTPrJY+xzp9jnX6XL01x1q5wC7j+Ep1eqpKo0k+tjp6YkW/8dWOGjcBFC9dbtq2aut9qq33qbv51vwzoScCn9+LTgqPS7nzKO5yQMzfkS+iE5XRScroJOWj+NRBP9+p+OWFSqsuV/76apW116uuu1FqwKx8Fm964fW2ShQsv7jl6T09Xuzs9rxHg9E1a9Y8f/781KlTFQpFzVfq168/d+7cAwcOnDhxYuXKlY0aNapZs+YXTXcc6hzXqf7ifGZGfZ4EAD1Z9wLQvi2vm/nbt29/+fJlS0vLbH8k2wSQ6Ud27dql23cg009le01T/JrZDvyGVwAHB4fQ0FCNRhMaGtqmTZubN2/mNCsZPjRZWlpGR0c3a9ZMkqS2bds+efLk008/NTfsM7M1JACZecMErRUYGLhq1aovXqlXr17z5s1dXFzmzZtXu/bbnbP5A08AumN13N3dtUcEWFlZuby1Je0AABpsSURBVLu7G/jf6n+hkX0CWHr1aptjES2PPn7Danvs0WbvM6ZLAOalC1dc0rvaztGWu8ZY7hpTbddo+53jrzzwXuiR3GXlP+//d/8qsdP/EpfsT058+JvGp4Nu/tf4dPD4sl7R93UgQHuf9DLnlV1vprfzSS909l/OF2DMTdKX9Wx/uZoA6n19OyI+7ejfseYzrkjTLlVc6PU8Kf1aaELJmZd1pwOMfKGccSh046UnSWkq3QNl9ATQr4XDxR42d3oq/AcqgoYp7g9WBAxVPPzMxvvzhmvHdlv8ce/fFrS+tM5h/9o2tt0nlWz0cWnbYQ1aDry33zntjl26f7GUa8WPL6rVurkxDwQoXbLc7wfOhkamhj1J++vwzSH154+0XzjKftEoe/dR9otG1Vk0ss6iUfYv10j7RSPtF42wXzih3cpbvhEPI9MeRqbOnf1VAaNOkuPW7XsQnfjkx2/jv18RM65P4ID2R33DbkW+2H8rvNf05W1HT1908PqFkKfH/n78eN/wZ9v7+HzR4IffT266GPzDtdBffB82GDzRiBuj9TIBfFYuxXOT9lwAKq9flXNrpc+ukbG2i+rs96qL23QrY7Wzcpalco61OuKuSqNJjQyMnlPXb7yRDwTIV6BwmQnrKq/1erWuW6+/0XHXnaN3n1x8EO0flfj4RVrkq3UrMqHt1hsVvrxQcdWlSl9fqbTmWuW114t2GGFmbsyR28K84OTmv23pnbixV2yHuiOrGWxO422HOsd1rzbGiBsDAJnkdAz/0qVLtXvmfwAJ4A2j/lvtC6B9nZ/T/K95ywSwZ8+eFStWSJJka2sbHR3dqVMnSZIKFCgwZcqUK1euJCQk/OuWZP2j/oEAHTt2lDgQ4H15w7ysUqmOHj36xeusX3F0dJw8eXLv3r0Nv68POQHo/oN0cHDYvn17bGysRqOJjY3dvn27Sd//15J/Auh5MuTN8792TTp/y3QJwKxQ/nIzO1fdObraztHVdo6uunN05Z/cFl/bFRKR2vvrpK5fJmrn/47/S+y6IvFOcHzGg1kan466+V/j4/y/SbUKvK/TAUanqaf5ZxTwVL55T4H3lwCyPR3g+/EqAZRY4PWXf1y6Sv3N+ch+2+5fCnmhVmtmHwrJP/Wi/icCpKarMl7/iEWjJ4A2TRz3Otfx7qTw660IHKwIGqYI/kgROsbm4SSbh9NsQ6fbBk9WnO1l5963Tc0WY8o1HFu+1oApE5ySTpVL8SqWcKHc81+rLHW1b9LYmAnAzMxs4w97gyNSQx6n+vlFD20w363OojF13cfaLx5j7z6mrvsYe/d/vqjrPsbefZT9ws97rgsMiQ+OSA2JSO3dd/C7/g1lb/4hn+DnyQEhEffn/19oz6aH9hw65Bt2K/LFZI/rBYqWMLco0OqzJYfuRpy7fiF2V5+INc3/WD997Yk76y8Eb74a+tXJ21Uc2xh3eyRdAvi0XIr3Hy9PB3hwgXJ29fT/q6i6tkejSteoMnQrY8tQ5SxL5WwrVZiPSq1OTUuL+ar7vbHGPh2gmVnx/jMrrLpUYfVV/eX+V+CfdyKuBceEx6c+epGmXZ4hsXbfXCn35YXyX12qsPpKhdVXy6+8ULBuW+N+IoAkSUMbbVzb58XXfeJa1xle0WCznLYe7BL3v2Z/FbEoadztAQCdN5zGb+nSpUuXLs32QIA3J4BMu/drh/ycfirrNY3+O2r34c/pu9rd+w25HUNmJQNngRo1asTExJQsWdLMzOzixYuTJk2SJKlKlSo+Pj6HDx92dnZ+86kBdfeY9XSAunMWcDrA9+kN/yr05/8tW7ZcuXLl6dOnISEhugpga2s7ceJEw/cF+GATwNueosPoNLJPAD0MSwATTZkAJDOp+MBGlbePrLpztHZV2elWY/e43X//dT0gfv4vyW4bk0ZvSlq2P+lGYNy9+/tTvbu/2gWgg8anQ/Lldv07vL8PBdS6Fq/ufjO92LlcSgBNRv6TALL9UMD3Q+9DAZutv3vtYYJ2D/+4lIyDd55VXXj9DR8KqGX0BODk5LSyVZ3LbWx8uyju91EEuiqChysCP1LcH6w462L/a5v6axs4tbPtWanOsIq2QyvbDK5Vu9vVbdZxf1SKO1I5ZleNBwtqjWjf0MA7Mvxx+vTTWX8HxQc+Sn0UlfbV/+37yHbeOHv38XUXf1x38fi6i8fbLx5vv3h83ZdrrL37cNsvflh57GFkWuCjVJ/bj5s2afVOfz05Wn7qfuDTpLtRCd7hzw/5PNxzKfC0f5T3o7iFR2/WbterRtOO4348feL+k9vHV8ftGXhrSeMN+w6sPuP/1ZmArVdDBn7tYV7QmMe3a738UMDPyqXcOPgyARxdppxZTTm3ljrMR6PRaNQqTVqy9p9Nxr4pypnVlEscVU9D//lQwHGVjow08ocCFqzXtsyyU+VWXdZfbX/0OeT98JuTtxef9LsSFvcwLjUsPm3v7SflV54ru/JCuS8vlvvqUrlVl0vP3Z+/orXRE0D7OrOWDIhdOuBFE5shZQw2xWnrnu7xP3SJbFSpJ+cCAGAi+ucCePjw4dKlS0ePHq1/aoBM18np/XxJknbt2pX1dIB+fn5Zr5lpl4FM15QtQ17nGzgLzJ49e8eOHZIkderU6e7du+bm5gULFvT19V24cKHh28OHAspHTqNHYGCg/pv/fn5+kZGRSUlJ+glAuy/AvHnzDDwvwIeZAHJ9/pde35fjX3/xTI+b6bYqpwRw2u9ApvWeEoAk5a9WquL6IZV/GqVbFXeMrLLTbdifX+24ffrPB34nH9z97sofA3ct8PbspfbtqPHp+HIXAG9nv1+bVa9k7Jnk1Qy/74lKmc2n/mk0Gs2LDM2vUapW3q99IkByhub7RyqTJ4CKdq/t4a/9mMBsFSouNRlpqs3QSwDSjKuVFnt32uQ3aMd95+/ulp57VZpy4c0JIEOl7rPZ1+gJYGDThiebKq60tr3VTXG/ryLQVRH8kSLEzeZQvwbjmrazq+1Sxap35eou1az6uDTu+MOoRs/31o7aaB25utajRbU3dW8woLnxE0D5cpUvXH0QEJYS+Cg1MDh+3QyPkXXmj62zaIL94gn2iyfYu0+wX/xJ3cUf2y8eY7dwZP2FW5cdDgx9ERieEhCWsueXk0WLFH+nv54cLTxy+350wr2ohPNBMbN/Ot5h9PR+s1cf8Xt8KiD6h4sPNp79+8CdiD98/UP3T37yTfNDq8YtO3Jr6V8PVp0NWPjHjZptehp3Y7SOj1bcn1AtemKF5CMrM9RqtVqtehaWcfpb1a0j6ow0jUajjotQXfhRo/1WTHDGxe2qkBtqtUqlVqdGh0bPqXtvfJUjI4ycAMwKFC4+bk2ZlRf0V7kvL8w9dKfJmtMlFx5r8u3FXb4RQc9Tph1/UPp/Z0v/71yZFee1Vysy+Auz/BZGTwD2lv1nDnw62zWhQe1BxYoVG5xFsex87PTDD71ebOqT+FmrwwXzG/pJUQAAE/nXWcnwWeDEiRP9+vWTJGnLli1Tp06VJGnq1KlHjhyRJGn58uUJCQnLly835HZ0x03rX9irV69KlSpJkmRhYdGtW7cSJUr86+3Y2dlFRUW5urpm/ZaXl5eXl5fhlxvCy8tLu9keHh7aS7THeutfortcdy/an0pOTtbfTt0VDLxNd3f3+Ph4Ozs7SZI8PDz0/+Li4+Pf7deRcv5XoX/8v06mvQC0XFxc2rZta8h9fYAJQA7zfyb/+ou/n0dGyjkBZD35/3tLAJKZWRHXBpV/cqv00yjdqrhjZPkdH5Xf/lHVn0ZV2T6y2Mq+03f0Ut3qrD//a7w7LJ1klc/ob2u9muFLnlcuC8nQO3r9NSqNJl6vADxVagbdSS9yVmnyBCBJ0qenX6sAw3ZKNh1fu0JFO6nTXGnaNZOcBUDr9QQgTb+iOx2g9PlF/QRQdt618guuZ17zLhXss1yyKGzgvRk4mTd2cvy6md3ZxjbX2trc6qa430cROFgRPFwR5GZza6Tdhh6NRzVrM6ZFq+/7Nr0zsU7Milqxq2uFzbJ5ONVm78BG650bdGrqYPQEIEnSqOGfB4Sn+D9MCQxLCQpNOLz76nSXb4bUnDO81tyRtb8YUXve8Fpzh9ScM3/opitn/IPDkwLDU/wfpgSEp/Tu+dHb/8X8i7Fr9/pGxO3zeTjkm/1lrGzy5bew7zzgZ5+HR/+O+uPek/13Ivf5Rhy4cDF614CgJXX/t+fYwmP3lp/yX3/uQfvP3C0KFzX69ki6BDC1etKqThmxj9VqjVqtVmekq9UqtVqt1mjSj69IX9lK9TxcrdGo1Wq1KkP7RYZak7x/ftSkyvfGVzN+AjAzM69Ys+SS0yWXn9Vf5f/nWWLBsWILjpVYdKLKijPjD9yrvfbia9dZcipf+RraWzDiJkmSVKWM45RBUTOGJNpb9y9UqNDzLAplx81py/q+CWv6J63o96Je9YHG3SQAQC569OiRdg+LgICAOnXqSJJ05coVZ2dnSZLS0tI0Gs2bzwWgL+teADq2trYGHgWQUwJwdXX19/f39/fP9K2cLjeEq6vr9OnT9e/Uzs4uPDzczs4u02aULVv27t272j96eXllqgP6VzDkNsuWLRsYGOjn56e9PNNNeXh4ZL39d+bp6altCtqZf9y4cfrTfkhISNYE0Lx585EjDXr/zwgfCujg4NC+fXvtZ+x5enpKuZoAZDj/S4Z9xsP72RI5JgBJMiuQr/TcrhV3jNRbI7Srwo4RZb8f0uG7vs+8ump89ed/56s/NS5ZzKgnAtQ6o9RfLW+kn49VpeYQAjQaTXy65uQzlcP19Ew/aPwN06nfL/tz/k279nLsN+mJALUMTgCGv9X/BgZO5k5OTq2dGu1uYHu2se3VNjY3uyj+7q0IGKgIGqoIHmET4mYTOtYm9GObsIk2kTMU0V/UDptsEzLBJmiU4kpfm+lt6hl+L2+7/d98u/vv4AT/sBT/sJSQiNRH0WlBwXFXzgWeOXrH89hdryshoeEJ4VFpQRGp/g9T/MNS7gXGL1767X9/3LKq0rBF83Fza7V1MbcoIElS4dLlxqzefcQv8rc7j/fdfPSTd/iWa6F/HtsRvb75L2unzvvj1ipP/7Vn/DpOX1WkbEVTbI8kSUfdFPcnVIueZpU400r56yxVTPDLIV+jUSfHZZzdpPyitnKOVca+Kaon/uqMdO38r0p4qvxzTeIs66ipNe6Nr3bY2AcCaBVoPbj4ouMllnnqrTPFF/9VbOGJYgtPFHf/s/iSUyWWni6x9Iz2u8W+OGTh2FX340bcJEmSihQo1aXxui5OayqWrp/fYMMab/6qf+KyQclf9I/p32rXv98NAEAQqampBQoUkCQpLS1N+/l/aWlpxYsXlyRp+fLliYmJBu4F8GYdO3Y0ZBcAKecE4KHHkMvfim6A13+rX/82XV1dz507p908Hx+fsmXLZroF3RUMv01dGsj062fbBf4L7Uc8Zp3/c0oA9erVmzlzpiG3bIQEkC0rK6v27du7ubm5u7sfOHBAmzHew6Arw/lfVsYOa5EcsubdEkCE71LH+sY/vYpW/hplyi53qbBjhP4qv/2jcj8Oq7huwG/Heqp8tef/ezn//7Wxka21oe8hv51Mk/wZZdkLymkBGVFp2RwVcD9JPehOetFzmX/EtAlAkqSeK3LtswC05JoAnJyc+jVquNdeccbB5lJLW++Oijs9FH/3VQQMVAQNUQQNVwSPVISOsXk4ziZktCJolOLBYMWRzjbjWtRv7GTQiQDfLQFUKF/1pz1/PniYFBieGhieEhieEvgoNTgiJfhRSnBEatCj1MBHKS8vD0/1C4xfMG9DwYKm+eetz8ysw8x1R+5F/HHvyd6bEdu8wjZeCfn2YlDAnjG3v+n9zcGLK47fHr7ypzpdBxcuXd50W3HUzebvCdWeTLVKmGmdOtsq7ct26QfmZ1zYmn5mQ/rWEcp5Nso51sq5NZVzrNJXtEj/bU766W/Tj/5P+f2A1Lm1E2ZaPZlqdXd81UOmSQBmBYsU6DSu6MITxRaf0q2ii08Vdf+r6KKTRd3/LLr4L93lReb8nr9RVzPz/CZKAJm2sHTBCgNrTB1Re8FwxYJhigVDbBa42iwcbLNwkO3CAXYL+9ot7G2/yKXe4s87XVkyKGlCjxt1awwqXKC06TYJAJDHZZsA9N9jv3v3rm4Cz+nyd7hT7eCtP6JnGt3d3d21F/r5+cXHx2s0msDAQN096q5g+G1mO+27u7sbcRcAnYMHD2ad/3NKALVq1VqwYIEhN2uqBAB5srAwL1emWPmyxcqXLdbs57u6OV97if7SfavR1we0l5QpVcQ8n1HPva/PzMyidrnSS13K7xhRfvtH2lVu2/DSmwa3/q730+ud/pn/fZwv7Ghka1XEVC+wsw7zZ5QWnsraV5SX4l6rACeeqWpcVubzzG7+N3UCkAyuACYi4wTQ2NHR1b7eL9bWfzWwudjc5lo7W5/Oijs9FH69FQ/6K/wHKgIGKwIGK+4PUNzsUfvnprY9HBo4Ob7F/P8OCcDMzKxYsRLbth0JeZwa8jg19HFqyKsV+jg1JPKfS0Ifpy5b9v37mP8lSZIku25DdlwNPHw34tDdx0f8nvx2O+K3yzeff9908/rFA7851KDv2CKly5vlM8G+NnqOjq1/d3y1x1NrxM2wTpptnTLbKmVm9ZSZlikzq6fMskqZUzP11UqZbZUyq8arb9VImmUdP8M64vMat8ZWOehmzOhupi9/gfyNuhaZe7CI+5+Z1yK9r+ccyl+3rf78b9IEIElS9aJ2G5pf3d0u8Kf2gT92CNrSIWhTx6DvOwZ/2yl4bZeQVd1ClncPdXcJm9/3Sc/G64sVqmBmZrJnbwAAckgAuglff4f8N1z+tnT79mc7ruvP6u7u7rpTAOh+Ktth/s23me1P/cff4g2mT59er149AxNA7u8FALwDs0L5i/VrUHplrzKbXcttH17mhyFF1/T3ONpd49tB4+2ccKnd3d+aLZxgVaqYMT9wO7Ns5/kzSumMstR55ZqwjIhUdVCyesL9DIuchv/3kwAkSarfL/N5AfTXgA1S/X6mumtzC6l8balOJ6nVeKnfamnYNmnMz9LHh6SJp3M9ATg5OTVs2LCFwmaJldVvdrVPOSjON7O92tbGq4PCp7PiZlfFza4Kny6Kn1vUmVO37mA7m4YNDT0L4DsnAJ0Rw6ccPXnNLyAmPCrtUVTqo+i0R9Gpj6LTwqNSb/k9+eXXv/r2cvvvD5fhzC0K1Gzby3H41MZj5raZ+lXzz5Z8v3T41UUNHZs0yf++MsSWQQqfMVVCJlWPnmYVO906boZ1vAErbob18+nWUdOsQiZVv+5W+fs+VkbcJLMs8pWvbtF3dsGJWwvN2l944fHCi04WXnSy8PzjhWb+WvCTzRZdPjYrUS7rTxlxk7IqnL94d8ux7o6/bWpz6+fOMT93f7Gnx4udPRO2uSRs6Z24oW/Sl32efdz2RM0KbRn+AQDvQbYJQH+K9vDwyHa/ev3LDac9LF//RrKO6/rvzOvP8NlewcDblLJLAFmPJjCWESNGNG/e3MAE8F7PBQAYUz4z80rFCzhZFhnQsNDYFm1ntjq12Wnf8rrLPqvZz7l89UqFjH/+v0zeMNWfUVp4Kpt4pde7lp7jm//vMwFoVbSTWk96bdl0lAoZ+Uzy/6JgUalkFamSvWTVXKrXS2o7Weq9Whrxi/SpZ64kAEdHRwcHh4b29p1r1vqkRo3V1lZba9U4ZF/Lo67V9/bVV9hZTrOtMdi+duu69g4ODo5vuQvAf0kAkiRVKF+1ZSvn8W5zV63ctmnT75s2/bZ0ycaRw2c0bdrG6Of/f1uliuS/tcT+8y6WBQuZ5Mx/2ZrYvubZ4RVvjqvi/0m1kImWDydZhhm2QiZWC/ik2s2xVU4NKf95V2N+WFHWYd7MzMzMPH++0pXzWTU0r+ds3qSXeWMXc/s2+WrUz1eyglk+82x/woiblBPzfPmrFlW0rNx/XP1v1nb4e7tLwtbeid/1fvF529ONLAcVLfiO+1UCAPC2siYAOzs77Y73/5xCKz5ee3a9bC83/L6yvuue9bj9TNfJmgAyXcGQ29T9XpkSQNajCYzF2dm5Z8+eBiaA9/eJAIBJmElS/nxSgfwFC+cvUdS8SCHzAhb53ssr6n9JAG+x8iwzM8m8gGRRWCpYXCppKRljN/K3HdH1W4CTg4NTvXqN7OwcbW0b2do0qlPHsV5dJweHt93531gJQMs8n0WhgoWLFC5auHDRggUK58tnyh1bDFa5VIHto2tULF8hn/n7254qZYvP6lxrc3+rY2PsTo2v4zne7qwBy3O83V/j65wYY/fDgJpTO9etWKakETcp+wSgt0+AWT7znMb+95wAdBtcwLxQqUKVnK3HL2h/dYjDuhKFKvHmPwDgfcqaANzd3fWPute+x+7u7p7T5Ybfl/5wruXq6hoVFaV/9v5M78xnOqu/u7t7pisYcpu6m9JPAKY7CkCSJAsLi3nz5jk6OmatAJk4OjrOmzfPwsLCkJslAQCQu3ee1U0ktx8PAAAAecn03r529/6snwLg5eWV0+WG35eHh4f+TgTaW3N3d9f+UVsTsr4z7+rqmpycrNFotPeV6QqG3KbuN9VPAKb4LAB9tWvXnjx5so2NzRvmf1tb28mTJ9vaGnp2ZBIAALnL7ZE/s9x+PAAAAJCjnD4C0PAryErv3r0nTpyY074Ajo6OkydP7t+/v+E3SAIAIHe5PfJnltuPBwAAAPKQ2rVrz5s3r2fPns2bN69Xr16tWrXq1avXvHlzFxeXefPmGf7+vxYJAIDc5fbIn1luPx4AAADIWywsLJz/v307toEQBoIA2JklCrGbsPyZC/uivgdS5Ign4E4wIwpYzhfgldi2Wmvvfc45xmitlVJO/v9/pAIAsou+8q+i5wEAABepAIDsoq/8q+h5AADARSoA7vD5/kKe6Pf+T8IpJYkUFeMZe5VEwsMSyUoDwAupALiD79ozEk4pSaSoGM/YqyQSHpZIVhoAXmipAHbNaDp+m1IuMAAAAABJRU5ErkJggg==\" /></p>', '2017-06-20');
INSERT INTO `reporte` (`idreporte`, `idusuario`, `idestatus`, `idcategoria`, `idservidor`, `iddominio`, `titulo`, `autor`, `ticket`, `observacion`, `fecha`) VALUES
(23, 1, 2, 3, 1, 15, 'Prueba de Titulo Prueba de TituloPrueba de TituloP', 'Ronny Gonzalez', NULL, '', '2017-06-14'),
(24, 1, 2, 3, 1, 16, 'Prueba De DominioPrueba De DominioPrueba De Domini', 'Ronny Gonzalez', NULL, '<p><strong>Prueba De DominioPrueba De DominioPrueba De Dominio</strong>Prueba De DominioPrueba De DominioPrueba De DominioPrueba De DominioPrueba De DominioPrueba De DominioPrueba De DominioPrueba De DominioPrueba De DominioPrueba De DominioPrueba De DominioPrueba De DominioPrueba De DominioPrueba De DominioPrueba De DominioPrueba De DominioPrueba De DominioPrueba De DominioPrueba De DominioPrueba De Dominio</p>', '2017-06-14'),
(25, 1, 2, 3, 1, 17, 'asas', 'Ronny Gonzalez', NULL, '<p>sasas</p>', '2017-06-14'),
(26, 1, 2, 3, 1, 18, 'a', 'Ronny Gonzalez', NULL, '<p><a href=\"https://incidencias.servicioshosting.com:2083/cpsess7404915597/frontend/paper_lantern/filemanager/index.html\">https://incidencias.servicioshosting.com:2083/cpsess7404915597/frontend/paper_lantern/filemanager/index.html</a></p>\r\n<p>&nbsp;</p>', '2017-06-14'),
(27, 1, 2, 3, 1, 19, 'asas', 'Ronny Gonzalez', NULL, '<p>https://www.multiserviciossms.com:2083/cpsess1754667181/frontend/paper_lantern/filemanager/upload-ajax.html?file=&amp;fileop=&amp;dir=%2Fhome%2Fmultiser%2Fpublic_html%2Fshincidencias%2Fjs%2Ftinymce%2Fplugins%2Fautolink&amp;dirop=&amp;charset=&amp;file_charset=&amp;baseurl=&amp;basedir=</p>', '2017-06-14'),
(28, 1, 2, 3, 1, 20, 'A', 'Ronny Gonzalez', NULL, '<p><a href=\"http://blog.servicioshosting.com/\">http://blog.servicioshosting.com/</a></p>\r\n<p>&nbsp;</p>', '2017-06-15'),
(29, 1, 2, 3, 1, 21, 'a', 'Ronny Gonzalez', NULL, '', '2017-06-15'),
(30, 1, 2, 3, 1, 21, 'a', 'Ronny Gonzalez', '1212', '', '2017-06-15'),
(31, 1, 2, 3, 1, 20, 'a', 'Ronny Gonzalez', 'a', '<p>a</p>', '2017-06-15');
INSERT INTO `reporte` (`idreporte`, `idusuario`, `idestatus`, `idcategoria`, `idservidor`, `iddominio`, `titulo`, `autor`, `ticket`, `observacion`, `fecha`) VALUES
(32, 1, 2, 7, 2, 26, 'Prueba 2', 'Ronny Gonzalez', '12', '<p><img src=\"data:image/png;base64,iVBORw0KGgoAAAANSUhEUgAABVYAAAMACAIAAABAXKuVAAAgAElEQVR4nOzdfXQU953ne87ef+acPXdydyaTu1kmySR77zl3nMycHStzcLI7c7Kzs3smMzKxsQFbxhM2xs9xHGPMBGeCMRn8iMAoDhFjwwgsECCJJyHxYLAQoCcQUquNJEtILSQBAiRQ66lNg0XfP0rqrq6q7q5+7v5936/j4yNVV1f9qlvN7/f9VNWvZ9UBAAAAAAABZiVv0/VACMn7qwMAAAAAhJKwCMDpdPb39w8ODg4PD4+OjnqAsEZHR4eGhgYHB/v7+51OZ6L+DgEAAAAAocQbAZw9e/bixYvU/IjT6OhoX19fU1NTQv6sAQAAAABmsUcA9fX1XV1dN2/eTHfxCHW43e4LFy40NDQk8E8cAAAAAKCJMQKor6+/fPlyugtGqOnq1aukAEijkpKSdDcBAAAASIoYI4CLFy+mu06Eyvr6+pg1EOmyZcuWdDcBAAAASIpYIoCOjo50V4hQX1dXV8L/3AE7iAAAAACgqqgjgKampuHhYXPB9mnl1orn/+uRn37vyDN/cXjJdw498e1DT9xz+Il7Dj/5Z0ee+rMjT/354af+/PBTf37o2b/c+8R/aS7bmPKKElnm5s2bzc3Nsf1Zn6k94ThVFdtzASIAAAAAqCrqCKC7u9uyYNv/9F/W/eN/vPLefPeuFe6dvxgpWe7e/UvtZ/fuV0d2vDKy/WX3rlev/nZRw+L/tO8nf57iehLZyOVyxfZn3VZT3nWi2Fmzr772VGxbgGREAAAAAJgVQirb8OUvf3nDhg3m5Rs2bPjyl78c2zajPoBQ3/93/Mk/7Xpm9tDSb4y+NHv81XvGVuWMv/LN8V/92fhrfzG+/Jvjr393/F++P7r0a8Mvzu5+7msnnvz/UlxMIgNNTk6GX2F8fNzmjACNtScba0/6f73y8br26pKuYx92H/1dtH/hUFttbW3EdWKLAHJzc3Nzc2N4IgAAADKQZbWf4ghAK/UNKYDlQvuiOwCn0xmqWjv99J/2//Trk0u/euujZ293nb59peP2xwW3fvGtz3/2H27vfuX2lc/ujFz1ntri+edvX3ruq7XPhIgA9i6eyVYW753+/d63nIY1zEu0le1xvnWvcQuWm42S9WbhWbRoUUtLi3l5U1PTo48+Oj4+Hv7p58+ft/OX6Tq9q/X0Ie3n+tpTnx94rvXEnpYT+2+VPHjm1PEIn4FZs8rKyqL6IITaQvybMlu9evW8efPMC/X/+syZM0f72Dz33HN1dXXPPfdcmKhSe65/ZZsPmXdqp50xML+G+/fv/973vldVFcWdHY888sju3bvNy3fu3LlgwYLTp0+HfzoRAAAAgGRhzv+nOAKoMxX8cdb/ddFGAD09PaFKtdpnv3Ppyf/r863PTPl82n93fb4v6rbe2fbUXW3JXd+Uz+dtrbry7Fcanr3HYhPOt+71F/POt97a60lKBGAt7ggAIdTX1y9atKi5uVm/UKv/z549G/HpFy9ejPhnWV9Xe/PE+nOnP9Z+ba8u8ZU91Ha8+FxNpa/ov14pXxrhM5ABEUCYJ86ZM8fw0OzZs+fNm+f/16esrGz16tWhtvPcc88Z6nl9a3/3u9/ZfMiwUzvtjE1C8pTt27c/8sgju3bt0i/U6n87X/hHBAAAACBZmPP/qY8A6nRlf/z1f120EcCVK1dClWq1z9wz8OR/8LZ9MnV36k7lG961/2Nq9NrdO7emRq9O+Xy3S//p9vq/+2Lixu2pqSuvfa/hJ9+w2IRFGU4EoAJDCmC//vd4PFevXo34Z9l6+pD32C/P1NZov944uPxuSW7n0U0DB167XfSDu4XfaT0WrurL5AigrKxszpw5oZ5iXjhnzhxzVa//VX+u3pAOhHko/E7DtzNaibqkori4WJ8C2K//64gAAAAA0iHUuffU34GfaRFAXV3dhg0bvvSlL33pS1+Ks/6viyoCqK+vHxkZCVWq1T1zz6Wn//DWZzVTd+/eLn7O+9IfTQ04fXen7vp8UxM3vav/wvviH0zd6Lt91ze4+q/rf/I1q23sXTzLUIhHFQHsXTzr3rfemr6VQLeS86179XcX6LYw88i9b71lXjgr1s0a72YwbVGghoYGLQXQ6v+mpiabTxwdHW1sbAz/l3npxL/ePrxUm/mvpabi7s7cOyX3N9dUfL7t7+5u+jPf+98a2/w3dbUhr/32l5plZWX+f2L859Xr6upmz56tLdSqa/9V9/6CWV+1mq+lt9ysfyP+9fUb9Js3b56+JYZmhzkWzerVqw2VvL62N1y6H+ah8DsN1U7tFfMfpvmV0bfWUPlra/7e7/3e4sWL6+rq/DcCrFmz5pe//OXatWsPHz5cF+nGfv+1AFr9v3PnzjAr6xEBAAAASEYEMO3MmTNhSrXa575z+Ynf/3zfqrs+39QXd744UXjnvb+/8+4P7qz9mztr7rv94h/cLn52yue7ffXClZf+c8NT/0+IzUxXyzOlcqCa1gkTAejK9umfzPfo+2v14JUCC2dW37v43rec0W/WtCQhlylkv8bGxkWLFkVV/2vCfzVgfV3t50d+4amavtr/6oFXfcV/c6s4t+H0ifGtP/T99lu+Df/Jt/YPuvf8KuRnYKb4nD17tlbHaiWotnDOnDmhbnGfZTpfPWvWLO1kuFb6aquZN2susGeFOOM9e/bsMM02LJk3b56h4J89e7Zhs/pa3dCMMA+F2WmYdhpeDW2D+lcmTARgeFSLALZu3free+/pd1FdXW3ZHr8dO3Y88sgjUdX/dbYjgFwb7O8UAAAAGSLTIoC03QjQ1tYWpk6re/Y7l574P28dWjvl833R/sntV752++dfvv2Lb3r/6Rt3Xv1/by/749u/fXDq1oS369TgM19ueDbsNwI437rXfMZ+WqSrAJzBq+nnF/CYHgpsSb++zuK9UW/Wow8uAtvkNgPt/P9jjz127ty5qJ742WefhfmzbD15wFfxxOjBZXV1dS01B6Y++l++ou9PbvuHurq60aIf3n3vj4f/be7U278/teb3zlYfsP4MzJpVVlamL03r6urmzJmzevVqrWg3rK8/b69dF2BZtUbcrL5ct4wAzOfwDc3W/zpnzhzDyr/73e/MF+cn4yqAUO2cpZtQIHy1b7nQHAEcPnz4+eefLy4u1haeOHHi+PEIcz1q5/8XLlxomBcgPCIAAAAAyUJFAJoUNyad0wF2d3eHqdNqn7nn8tN/eLvz5N27d29v/kfvk/9u6uQHd0evTt28dPfmpdvv/ODWc//+iyvtt+9ODf5qTsMTVnMB6MyU2GmJAELX9jY3G7hSILADLVsQezWA//r/xsbGaFOA8DMCXvp4nW/vw8OV/1RXVzdc/pzv3+71ffDt8a3/UFdX597yP3zv/P7Qh3/fVL3v6tYF3R88bv0ZiCYC0C+ZPXt2bBGA9rM2b79hC3rhJ9gzbNYwBYC2ffPF+YYb/vUrhHnIcqcR22lZ4dfFEQFoPxcXF69du/b48eMnTpwIfxWA//r/HTt2RJUCcCMAAACAZGGuAkixNH8pYJi5AD3aXABP/aG38/TU1NTtHT/z/uJbd91X7vp8d7+47fP57mxd4v31d6fGh+7c9Q2+/lf1P/m6xSb2vjVTMPsvs487AojlRoAwV/jb2GzoVYIiAUkM9/+fPXs2Ly/Pfgpw7dq1UH+T9bWnrh1d27Xz1c8Ob+6p3+fb+r0rpS8N71g88tHc1sYTF0pe+XzdN+7+6v/oPlXqONvYPPOVAcbPQPCd/HXBNwLMnj1bf4rbf2pdq+0jRgChNqvxn3ifZZqBP+IEe/5/g0KdsTfcBaDtWh9hGJod5iHzTu20M2IE4L9FQruwwhwBbNq0SXuK4UsBS0tLKyoq6urqwlwFYLj/v6SkZMGCBTZTACIAAAAAyWaFkPqWhCr1tRQgtm3aPYympqaxsbEwdVrdc9+5tOT3Pz/w6ymfb+rz8S+G++76fF98Vn1n76/u+nxf3Jr4YvzGlM93u7vhyvNfbXjG8kYA3Z3/06fL448AgjZrvLlg5pEQ0wGGvhEg3Gb9cwwuXnxvYDIB/VGJYjn/n5YC2JwUYGJioqWlxfLP8nxN2avL1/7vZ977+SuFTy15va+m6P6HXnvpxbevtOxd+dq//s3c1e2nKzrr9//vJ9b897998dO2LuvPgNV0gPqC3LBQmx1wzpw5dq4CsNys/lYCbWXt+/YMd+abT+wbmq39oF1N4KefpNDyMP17N3+VYJiHLLcZvp2Wr4bl7rTDN7yG8+bNM0wHuHXr1ueff16bDlDb1OnT1rM8Ws7/p6UAdiYFIAIAAACAquxGAB0dHeHrtNpn7rn009meV75x+8Smqdu3pny+L1yNt9/8/q2X/ujO8fenvJNTU1N3Ok/eWnPf5We/0vDcPbHXlMgqoeb/a2pqeuyxx2xupLOz0/LPsq3p9I9+9MonnzQcOXL67//+pSPHzuXmLn3q6TcLP6j82//505/+9G2Hw7Ftx7FlyzYseuxX9fXnEvfBSa6ysrIwEwFmjoxtZ6hSf+fOnQsXLoz4dCIAAAAAqMpuBNDX1xe+SDv11J/2//TrE8u/eeulr3jf/G/e9X936xff8i6bfXvFf/a+9BXvG9/zvvvfb73ytcmlf3zpxT+pf+ZPoy4lIdjAwIDln2XTufN/+7fPv/DCuytWvH+uyblje+WKFb/9xT/95vnn33n55fe2bTtw/nzH97+/5J13tj3wwCuVlTWJ++BAZUQAAAAAUJXdCMDtdocv0k787L7up796/aU/ufnyn4z87P8e+ekfjSz9unvZN91LvzGy7JsjP/uPIy985ebSrw8t/WbPM1898ex/SU3pCDWMj4/X19eb/yyLig4sXvx6W1vbmTNnmpqannxyTVnZx21tHZ2fdc+bt/zokfqnn37jt+/vqq5u+Md/XFVQUJLQzw6UFVsEAAAAAGQ+WxFA+O8C0LQd+NczS+9zvHDP+RfvaXvx2+0//07bi/e0B/77dvvPv9324j2OF+5p/Plftu5en4K6ESrp6ekx/2W2tHzqaDmv/Xzu3LnGhhan89O6ujqHw9FQ39z52YXa002tra11dXVOZ1tL86eJ++BAZUQAAAAAUFXkCODTTz8dGRlJdwEI6UZHR8+fP5+CjwRABAAAAABVRYgAGhsbL1++nO7qD/B4PJ7BwcEzZ86k5oMByYgAAAAAoKoIEUBPT0+66z4goK+vLzUfDEi2bdu2dDcBAAAASIqQEUBrayvn/5GBLl++7HQ6U/khAQAAAAA1WEQA9fX1Fy5cuHnzZrprPcDazZs3L1y4YPkdAQAAAACAUAIRQGNjo9Pp7O3tvXHjRrpLPCCyGzdu9Pb2tra2NjY2pvEjBAAAAADZYla66zgAAAAAAEQYHR1NbwOIAAAAAAAASIW033FPBAAAAAAAQCpcv349vQ2ILgKYnJwcGhrq7u5ub293Op3Nzc3Nzc2tra3t7e3d3d3Xr1+fnJxMUkMBAAAAAMhqg4OD6W2A3QhgbGzM5XI1Nze3t7f39/cPDw+73e7JycnJyUm32z08PDwwMNDe3t7c3NzT0zM2NpbURgMAAAAAkHUuXbqU3gZEjgAmJyf7+vocDkdvb+/4+PjnYU1MTPT29ra0tHR2dl4GAABABhgaGjKP8a5fv57udgGpY/kpAFKvr68vvQ2IEAGMjY21t7d3dnaOjY2FL/71xsbGOjs7Ozo6bt++7QMAAEBaXb582TzMu3z5crrbBaSO5acASD2Xy5XeBoSLAEZGRlpbW/v6+uwX/3p9fX2tra2ff/55uj/vAAAAohEBAEQAyBA9PT3pbUDICGBsbKy1tfXy5cux1f+aq1evtra2ci0AAABAGhEBAEQAyBAZGgFMTk62t7fHfP7fcC1AR0fH3bt3k/FJ9ng8ydgsAABAaqRmMEMEABABIENkaATQ19fX2dkZf/2v6ezsvHTpUjI+yVeuXEnGZgEAAFIjNYMZIgCACAAZIhMjgLGxMYfDYXP+v0OHDh09ejT8OtoGvV5vwj/JAwMDCd8mAABAyqRmMEMEAMQZAbzzzjvvvvuu/fVra2vtr1xUVFRUVBR9o5AGk5OT2v81DQ2OPXuPVh062dXVa3MLmRgBuFyu3t5eO/X/hx9+mJubm5ubW1paGn7N3t7evr6+8B9Lr9d76tSpkpKS/Pz8/Pz8kpKSU6dOhQ8OiAAAAEBWy9gI4OLFixUVFZs3b968eXNFRcXFixdT0E4geeKJAM6fP69VPR0dHTafYj8CKCoq0jae7BRg+fLluTrLly9P6u4mJiY2bty4cePGiYmJxG65pqYmLy8v14a8vLyampqE7HRkxO3qHRgdHdUvbDr3adWhU6Vlh/bsPVq+58jVq9ftbMp+BLB58+YHHnjAzpE+8MADmzdvtrlZYwQwOTnZ3Nw8Pj5uv/7Pzc198MEHPR5P+AsBmpubw8wI0Nvbu379+tLS0o6OjtHR0dHR0Y6Ojv37969fv763tzfUs4gAAABAWmzbtu13OsXFxZ988ol2UuiTTz4pLi7WP7pjx45Q24lzMHP8+HE7q0UbAZw5c2bTpk2bNm3avn371q1btZ/PnDkTT1OB9IonAvj1r3+tVT2//vWvbT7FZgTgr/9TkAKY68bk7WtkZMT/oq1evXpkZCSBG3/00UftVMWaxx9/PCE7PXXqTM3JlsOHay5c6B0aGh64dKW27ty+A8fLyg/vLq3aXVq1d9+xtvYuO5uyHwHYrP81Dz/8sM3NGiOAoaGh9vb2qOr/3Nzc8vLyiE9pb28fGRmx/ED29va+++67PT09lg/l5+eH6h2JAAAAQFr81sq+ffsqKiosHwq1HZuDmRs3buzbt2/t2rWrVq1au3btvn37bt68efz48VWrVtl5elQRwMWLFzdt2lRcXDw4OKgtGRwc3L59+6ZNm7gWANkr5gigs7Pz/vvvnzdv3oMPPnj//fd3dnbaeVaYCKC2tnbRokXhy7lFixZFdSuBHea9JHb7flevXl26dOncuXP37Nmzd+/euXPnLl269OrVq4navv2qOCGHqV35X1t37mBlTVn5kf0HjpeWVZXvOVJx8ERpWdWu3ZW7S6tKyw/v2fvxwMAVOxtMxlUAP/rRj2K/CqC7u7u/vz+q+j/iXQCa/v5+y/P5Xq93/fr1+vq/pKRk165d/l97e3t/85vf3Llzx/xcq16z8olZT1Qm4F8J/3a68r/73fyuBGzR7HzpqtLz5sXXqjdurL6WlD0mW4gjygrRvuzXqjeumpZVx6xr96qgAz5f6l+eXUcEAGnx/vvvv//++/5fv/jii7a2Nu2cv8Ph+OKLL0KtaWAnAujq6lqzZo32L/Tq1asNP9hpbVQRQEVFxaZNm65evapfeO3atU2bNlVUVETc19DJguUBpR122gckX2wRwKVLl7Sz2QUFBQUFBbm5ua+//vqlS5ciPjFMAR+x/tcsWrQohgaHkfDa2FJPT8+SJUsWLFhw+vTp995777333jt16tSCBQuWLFmSqHvg/e2///7777//fvNxGZbHubuJiUmPx9PV5TpQUV1WfmhHScXu0qodJRXTxX/ZobLyw/v2H3N+avcmkYybC6C9vX14eDjh9f/nn38+PDzc0WHRC5w6daq0tFS/xBAB+Hy+ioqK2tpa83OzJgKwbNS16o3WlVZaI4B4iviQR5QEiQ8bonzZr1VXn/c3JYXvV9wHfr7a31j9G3ateqN/u6l8IwEgW2n1gM/n27FjR0FBwcGDB30+39mzZ81Xy/vXtBQxArhx48a//Mu/rFq1qqKiYnR0VFuyYcMGf2xrp7VRRQBbtmzZvn27efn27du3bNkScV8dpcsLTg75fyYEQIawHwFUV1evW7du6dKl8+fP959i7evrGxgY8J+SnT9//tKlS9etW3fixAnLjYSJALQtnDt37ty5c6EK1GSU6CmIABwOx6OPPrpkyZKzZ88uXbpU28vSpUvPnj27ZMmSRx991OFwxL8Xf/s/++yzCxcuPP744/qD+vGPf9zT09PW1paow9SuAnC5+g9UfLJz18FPP+0cHR3v6envutDraO3YvuPAvv3HLlxw2d9gxkUATqfT7XbbrP8tLVu2zPK5brfb6XSaP40lJSWW0YBeZ2dnSUmJeXlWRwChK85sjQBS2u60RwBJbUuqdhbymLP5cg4ASA3t7JZh4cTExK1bt+ys6RcxAti/f79W//uXaNf/pyUC2Lx5c6Rd6RMA39DJAiIAZAj7EYD+VvNHHnnklVde2bVrl/ZQWVnZ8uXLH3nkEf8Kjz32mOVG7EQAzc3NKkUA1dXV8+bNW7FiRW1traEsf/zxx0+fPr1ixYp58+ZVV1fHuSP/Zpubmz0ejz4F+PGPf9zb2+vxeM6cOZPYCKCt/cKevR+fOdPq8/lOnjrb0NDi8/l6evpLy47U1DT6V7Mj46YDbG5unpyctKzh9+3bZ2f3ubm5lk/XJho0fxrz8/O1SNvPfBXA5ORkfn6++bmRIoCu/O/OmhZUxeuWaytXPmFazxAB+NfQl/LW29ctfaLSYmeaQPFluqBce8h/Wbb+3OzG6vPa2trCwKXbpYEz0qXnA8v19Z1uPxv154ED26zWXSKu26BFO6yuF/cfkX6b2irmYwkuMYN+i7zHa8Z2ml6ZwDbMFW6olyjUyx7mJZ15PPBOZsQbZFvIQj+L70UBgFRZt27dunXrfD5fcXHxunXrDhw4EHFNSxEjgHXr1q1atco/oZKh/l+VaTcC6Iv+oZMF/jigo1SXBehWCtw2EBwcGO4j6CjV3Vyg22bByY6TBdxvADvsRwBnzpx56KGHcnNz8/PzQ63z7rvv5ubmPvTQQ01NTZYrRIwA7LDZYJuSuv2ysrK5c+du2LBh3759llXrAw88sHfv3oKCgvvvv7+srCyeffm3/8gjj7S1tXlmUoDFixdr9b/D4ViwYIG2zvz58+M8NK22P/rx6d2lh68MXuvq6t3yb2Vb/q300uWrvb2X9u471nTuU20uWJsbzLjpAMNEADt27LC5+zgjgNdee+21117TL4kpAujK/26g5u7K/+5MlW5Ynl/p81Xm6wr/6dWCtzPzhMon/D+G2H5X/nf9SysrK/2bNVwF4K8b9ddcnz8/EwEECrrzpf4fr1VvNBSH/t/8m9MKQn15WBrYpu6a71X6/EFf7QVVhVa7sGhwcBOCtqm1R/dA4LAsIwDbezS1U38UgWvdLS7SD/sSWbzsodY3bz8z3iCfPhYwJQY+fdQQKjRI7a0NAJCd1q5du3bt2vjXjBgBrF69+vXXX4+ucSYxTAe4fft2fwpw9epVbTrAtra2CHvS1+qBoj742oDAbxY3CnSU6mv80o7pREAXK8w8qiUFus0C4UQ1F0Btba1WfVlO0b9lyxatpq2rqwuzhVAPaRVTCm4EmJycXLx4sZ3y7dlnn41zX37hd5SQXTz99NP+DepTAHP9n5ub+8wzz8S/x+aWtoqD1cXb93V3XxwauvlR8b6duw6OjU309PSXlh0+caLB4/HYTwEybjrA1tbWUDcCaHV4xN2//PLLoW4EaG1tNX8azTcCmCOACxcuRH0jgL4U9/kC1/Pringr/mI9xI0A/t9CbV8XNlhsdYZ1zTst+BRs8OUCQSfL9UXv9G+G4m3mKcabu/Vn7IMLQX2FabkLiwYbnhfU/hC/hIgA7O/RVAmHKGfNJ7pDvEQhX/ZQ64d/KH1vUBQMeYa/RdwEAACRvfPOO++8847P5ysqKnrnnXf27t0bcU1LESOA9evXr1q16ubNmzE31RfflwJu27Zt04ytW7feuHEjzI50Fbr+IoDgGwICK5kiAIs7B0LeWcBEA4hKtNMBVldXz507Nzc3t6KiQr9cuzL6Rz/6UfgvnM+QGwFqa2sffPDB8OXbww8/HOpahhiE31dCdlFYWKjf5qOPPqqlAB5T/Z+bm1tYWBjPvkZHxxrPtO4/cLys/PDOXQcPHDg2MeG5OTJ6+fLVW7e8F7r7Piret//A8c8+i+L2/oybCyD8dICGFGDu3LlHjx4NtbJBmOkA9+/fr19ijgAOHTp06tQp83PDRQCB8/kaXQRgvrVff7G+zQgg1PZ1WwtU/cYIILgunTkra1lCB0cAwQVfsJkK01gwbqy+ZqoOgy/avxb8BH2FabELc4MNT4svArC5R2MEEHwU+lsFLCIAq5coXARgub75oYx5g+wL3i/lPwDY9/bbb7/99tvxrxkxAjh48OCqVav27NljWG75ZUmhRBsB+Hy+3t7eioqKzZs3b968uaKioq2tbevWrZFSAEMFrz/bH2KCAMOp/KD7BYK3YfxNnzYAkcXwjQDr1q3Lzc3dvn27fuFHH32Um5u7YcOG8M/NnBsB6uvrtfsaLM2fP//cuXMJ2ZHG3P6EH1FXV5eWzuhTgObm5sbGRkP9P3fu3K6urnj2dex4beWhk6Vlh7T/du46uG//x2fOtB45eurw4ZNHjp4q2VlRtufw3n0fNzS2jI+N29lmxkUA3d3dAwMDYSr5mFOAgYEBl8tl/jRqXwqo/75Aw1wAfX19GzZs8Hq95udGiABCXQVgiACC1rR9FUCo7VtuNzgCCHHO2n9K1nYEYH0y3uoks/F0r+0KM1xNGXwVe4iCPJ6rAMLsMVwEEHSwSb0KwCBj3qDwNwKEaA5fAwAAUXkzWGFh4eHDhycmJsbGxg4fPrxx40bDCqG2EzECGBkZefPNN1etWrV3797h4WGfzzc0NFRWVrZu3bquLrvzFccQAZjduHEjUgoQXK/7LwMIqtb1V/ob1rO4CMCcF+gmEeAaAEQhhghg5cqVubm52vR1jY2NZ8+e9Xg8H3/8cW5u7uuvvx7+uZlwI4Cff3YDc/3f0tKSqL1oUhABeEwXAoQS5yUAHo9nz96jZeWHd5dW7T/wSWXVyapDpw5UVO/cVblz18Gduw6W7KzYXVq1u7SytOzQ4SOn6xua7Wwz46YDvH79ejGASl8AACAASURBVHt7e/hi3pwCHDt2LGIE0N7eHuoatt7e3nfffVefAvj19fXl5+dbPuSLdi4A3e38/mK9Kz+/UhcK6J4TKQIItf3KJ6z3GYgAjIWi/gbwKCIA3/lS67npQt9SbtpThArTchcRG2wrAtBf3K9vm809RooAzJsO7DDMSxQqArBc3/RbhrxB4V2rLg0OS0Jc0QAAiOD9999fY7Jt27bi4mLz8vfffz/UdiJGAD6fr6enR0sB9N56662+vj6brU1IBOCLmAKEqtcDl+wPnSwoKAhzrb/u4n5tIgDdY0NBE/8Fpw1ARDFEAEuWLMnNza2srHz11Ve1wufVV1+trKzMtXGHeYbcCOB37tw5/3ccahYsWOB0OhO4C01qIoCxsTH/mxLKq6++OjY2FueOzp5t3bP3aPmeI8eO1dbWnatvaK452VhRcbziYPWevUdLy6p2l07/V1p2qKz8sJ1tZtx0gNqkfRMTE1GlAA899FD49ScmJpqbm6empkJ9Jnt7e9evX19ZWdnZ2alNpXDhwoVDhw5t2LAhVP3vi/yNAIGJ/oPP/BuWB24D+G5+vt2rAEJt3/oLAKbXfKLSql42nqm1GQH4gs/2+k+jl563niRet3KICl2/mnnCeV0tHbx54zbsRAD67Wysrrb+RoCQezS2M+RrGth0UARg+RKFvRHA+iUNHwGk6Q2KIOgKAcOMisFIBAAgClevXj1x4sTbb7/95ptvnjhxwjCdfhh2IgCfz+d2uysrKzds2LBmzZoNGzYcPHhwbGzMfvMSFQH4dClAS0uL8bGgefuXG74CYGaGQP+1/rqJ/w2XDgQ9XffcjqBvEiABQFSijQDGxsb0V5svWLBAf5H5Aw88MD4e7qrvMBHAokWL7FR0ob5uMGYtLS3+FGDhwoXnz59P7PY1+kMItSQhxsfHCwsLDXcEaObOnVtYWBj+DbLv2rWhoaEb+iWjo2OffdZTWXXiQMUn/gigrPxQ+Z4jdjaYcdMBam26ePFixLP6+hRgy5Yt4Ve+ePFimEpe4/V6T506VVJSkp+fn5+fX1JScurUKcvr//1s9poZJcmTrafhXG62TR8f7UuU2JeUk+0AoLLTp0+fOHEiqqekZjCTwAjA5/PduHHD4XAktoVAskUbAXR1dWmVzrx58z744IOhoSHtqzHnzZunLXe5XGGeHiYCqK2tfeyxx8JXdI8//niYLcTM6XT+5Cc/WbJkSXt7e8I3rklZBKBxuVwffvjhCy+8kJeXl5eX98ILL3z44Yfh35qYTU5OTkxM+Kf9Hxlxn6hpOFhZs7u0qrSsqrLq5JkzrXa2k3FzAXg8nrGxsZaWlrGxMTspwI4dO3bv3h1+NW2D4Yv52GRhBJDsCjD1FWbW1bREAACAZLlz505Us/T5sjMCALJRtBFAd3f3ggULNmzYYHjiwMDAunXrFixYEHMEgOxi+VV/ExMTHo9nbGysvr65rPzwnr0fNzS0aAsjysQIwOPx9PX1dXZ2RowAbOrs7Lx06VIyPsmdnZ3J2Gw2o8KMiAgAAJBBUjOYIQIAYpgLAEiGDI0AJicn29vb+/r64q//+/v7Ozo67t69m4xP8vnzFFMAACCLpWYwQwQAEAEgQ2RoBODxeMbGxlpbW69evRpP/X/t2jWn03n79u10f+QBAADkIgIAiACQITI3AvB4PCMjI62trTFfC9Df3699z0S6P+8AAACiEQEARADIEBkdAXg8nrGxsfb29s7OTjuzA/qNjY11dnZ2dHRw/h8AACDtiAAAIgBkiCR9YYF9ESIAj8czOTnZ19fncDh6e3vHx8fDF/8TExO9vb0tLS2dnZ2XAQAAkAGGhobMY7zr16+nu11A6lh+CoDU6+vrS28DIkcAmrGxMZfL1dzc3N7e3t/fPzw87Ha7JycnJycn3W738PDwwMBAe3t7c3NzT0/P2NhYUhsNAAAAAEDWuXTpUnobYDcC0ExOTg4NDXV3d7e3tzudzubm5ubm5tbW1vb29u7u7uvXr1t+ayIAAAAAABgcHExvA6KLAAAAAAAAQGyuX7+e3gYQAQAAAAAAkAo3b95MbwOIAAAAAAAASIXR0dH0NmDWSQAAAAAAIMCsdH9DJ4AEy3n1ULqbACRXU1NTupsACFVeXt4XjfLycj6wmYMRAqAkd5SIAADV0MFDeVQUQLoQAWQ1RgiAkogAAOno4KE8KgogXYgAshojBEBJRACAdHTwUB4VBZAuRABZjRECoCQiAEA6Ongoj4oCSBcigKzGCAFQEhEAIB0dPJRHRQGkCxFAVmOEACiJCACQjg4eyqOiANKFCCCrMUIAlGRZ5y9evJgIAJCCDh7Ko6IA0oUIIKsxQgCUZFn/a4gAABHo4KE8h8Ph9XrT3QpAomgjgKNHjzqdznS3GtMYIQBKClX/h0oBiAAA1dDBQ3k9PT2Dg4PpbgUgUbQRQENDg8vlSnerMY0RAqCkUOf/Q6UARACAaujgoTyv19vS0nLlyhWuBQBSrNy2ysrKhoaG5ubmW7dupbvVmMYIAVCSOQII9SsRAKAmOnhI4PV6e3p6HA5HE4CM5HQ6XS4X9X9GYYQAKMkQAZjvCyACABRHBw8AAMwYIQBKMt/tHx4RAKAaOngAAGDGCAFQEhEAIB0dPAAAMGOEACiJCACQjg4eAACYMUIAlEQEAEhHBw8AAMwYIQBKIgIApKODBwAAZowQACURAQDS0cEDAAAzRgiAkogAAOno4AEAgBkjBEBJRACAdHTwAADAjBECoCQiAEA6OngAAGDGCAFQEhEAIB0dPAAAMGOEACiJCACQjg4eAACYMUIAlEQEAEhHBw8AAMwYIQBKIgIApKODBwAAZowQACURAQDS0cEDAAAzRgiAkogAAOno4CGB1+t1uVwOh6MJQEZyOp0ul8vr9ab7XwsEMEIAlEQEAEhHBw/leb3e1tbWvr6+69evDwPISNevX+/v73c4HKQAmYMRAqAkIgBAOjp4KM/lcvX393s8nqmpqXS3BYC1qakpj8fT39/vcrnS3RZMY4QAKIkIAJCODh7Kczgc4+Pj6W4FgMjGx8edTme6W4FpjBAAJREBANLRwUN5TU1NnP8HssLU1FRTU1O6W4FpjBAAJREBANLRwSMmNStzjFbWJHbjEbdnczUfFQWQRfjAZg5GCICSiAAA6ejgEROLCCAnJyevqDfdDbNARQFkET6wmYMRAqAkIgBAOjp4xMR0Bn46Ewgs6S3Ks4gGpp9XNPPgyhrdmjNP1m9ce3BlTSBz8O/C2AbrPfpqqCiALMIHNnMwQgCURAQASEcHj5hYXISvXxTyPgHrqwcsV9JHAJa3HAS1IfSdCUQAQDbhA5s5GCEASiICAKSjg0dMLCKAmfP1/rLdfyZeWzmvqDf4YoGZ6n5lTfA6VhHA9Lb0a+lXC7NHKgogq/CBzRyMEAAlEQEA0tHBIyZhIwDTgyEeMpf6oSKA4NreHAGE2SMVBZBV+MBmDkYIgJKIAADp6OARk7A3AkQVAUzX8+EjgOD7/4kAAHXxgc0cjBAAJREBANLRwSMmYacDjHgjQMIjgKy8EaChYP78goZ0twLIMJn6gZWIEQKgJCIAQDo6eMQkwpcCRpgOMOERQFZOB0gEAFjI1A+sRIwQACURAQDS0cEjJqEr7hlhvxQw8RFAyD3ajQAGypfNFOQD5ctmivOB8mXzlxUUxPJQ+YBh69P8DzQUzJ9fUO5/IPgJ5mcGPW61PW2v5QXTywsafA26n4EsQQSQORghAEoiAgCko4OH8mxWFIEMoKFg2bJlWmXdUDB/WflAbA8FNq0/3x/4WSvQp5c3FFiGAP619amCLmzQP1GLBczbNgcSQAYjAsgcjBAAJREBANLRwUN5diuKmcJ9oHxZQUHB/IKGQCwQ20P6LVuciA9earmO5ULj5mdWMiUDVj8DmY4IIHMwQgCURAQASEcHD+XZrigaCqaL+mXlDeXLlpUPzCyJ9SG/wHX7ugciRwDW5++N1xjMrBW0tn4lIgBkEyKAzMEIAVASEQAgHR08lGe7ohgoX6Zd2q/dRl/QoC2I/SGjmXvz/bcLEAEARkQAmYMRAqAkIgBAOjp4KM9+RTFQvqygXCvgB8qXLSsvL9DPtRfDQyF2olXnybgRgAgAWY8IIHMwQgCURAQASEcHD+VFUVE0FOjO0S9btsxQokf/UGCFmWWBQt1GBKBbav2NBcbpAIkAkPWIADIHIwRASUQAgHR08FBeNBVFcMltebLd9kPGKny+YTqAkBFA0JX+ltMIhPlSQCIAZDkigMzBCAFQEhEAIB0dPJRHRQFkET6wmYMRAqAkIgBAOjp4KI+KAsgifGAzByMEQElEAIB0dPBQHhUFkEX4wGYORgiAkogAAOno4KE8Kgogi/CBzRyMEAAlEQEA0tHBQ3lUFEAW4QObORghAEoiAgCko4OH8qgogCzCBzZzMEIAlEQEAEhHBw/lUVEAWYQPbOZghAAoiQgAkI4OHsqjogCyCB/YzMEIAVASEQAgHR08lOdwOLxeb7pbASAyr9frdDrT3QpMY4QAKIkIAJCODh7K6+npGRwcTHcrAEQ2ODjocrnS3QpMY4QAKIkIAJCODh7K83q9LS0tV65c4VoAIGN5vd7BwcGWlpZbt26luy2YxggBUBIRACAdHTwk8Hq9PT09DoejCUBGcjqdLpeL+j+jMEIAlEQEAEhHBw8AAMwYIQBKIgIApKODBwAAZowQACURAQDS0cEDAAAzRgiAkogAAOno4AEAgBkjBEBJRACAdHTwAADAjBECoCQiAEA6OngAAGDGCAFQEhEAIB0dPAAAMGOEACiJCACQjg4eAACYMUIAlEQEAEhHBw8AAMwYIQBKIgIApKODBwAAZowQACURAQDS0cEDAAAzRgiAkogAAOno4AEAgBkjBEBJRACAdHTwAADAjBECoCQiAEA6OngAAGDGCAFQEhEAIB0dPAAAMGOEACiJCACQjg4eEni9XpfL5XA4mgBkJKfT6XK5vF5vuv+1QAAjBEBJRACAdHTwUJ7X621tbe3r67t+/fowgBQqt+3gwYN1dXUtLS2kAJmDEQKgJCIAQDo6eCjP5XL19/d7PJ6pqal0twWQpby8vC8a9fX1Lpcr3a3GNEYIgJKIAADp6OChPIfDMT4+nu5WABJFGwEcPXrU6XSmu9WYxggBUBIRACAdHTyU19TUxPl/IC2ijQDKy8ubmprS3WpMY4QAKIkIAJCODh4xqVmZY5ZX1Bv5aStrot9R5A2HQ0UBpAsRQFZjhAAoiQgAkI4OHjGJJQLQnkMEAMhBBJDVGCEASiICAKSjg0dMwlbmvUV5gVxAK/mDFk0vC4oR9NsKrLyyxrgj/YZ0i8PFC1QUQLoQAWQ1RgiAkogAAOno4BGTMBGA6QKBvKJeiwjAcjWfMSwIrvUtrj2YrvqJAIBMRASQ1RghAEoiAgCko4NHTKxuBNAKda2Et0oHQpfpukemE4DptaZ/0285sGntWZFvEqCiANKFCCCrMUIAlEQEAEhHB4+YhI4AjA8FSn6rCEC/8soai5V0lxuYnq9lAhEnF6CiANKFCCCrMUIAlEQEAEhHB4+Y2J8LwJgNBJ/fN4UFRADBBgYG0t0EIHZEAFmNEQKgJCIAQDo6eMTE7kT9+rJd/3PQ7QL6i/8z5UaAgfJl842WlaekHG8omN7TQPmyVO0TSA4igKzGCAFQEhEAIB0dPGJi+aWAOStrQp/e1z9nZU3omf0yZDrAgfJl8wsajEtSUpATAUAdRABZjRECoCQiAEA6OnjEJHQE4DNU8VZf6JdX1KvbRF5Rb/Al/YHn5xUVpelLAc0RgK42n1nBfHWA1dKGgvm6TQX9ZrkRbTe6h6ZXt94jkMn0EUBFRYW55jcsJALIKIwQACURAQDS0cFDeUmIAILOzwd+0Zf3gZ9DRQAhNmJ9FcBA+bLgbZMCIBv4I4C2trYFCxZ88MEH+oL/gw8+WLBgQVtbGxFAZmKEACiJCACQjg4eyktQBKCru4OL+sDKxuWBJ1pEAKE2YhkBGJtjvScg0+ivAjCkAOb6nwgg0zBCAJREBABIRwcP5SVsOsCZmtvqMa1WDzyiq8+tI4DQG7GKAILuQfAxTQCyhWEuAH8KYFn/EwFkGkYIgJKIAADp6OChvPivAmgoCCrqI9bfDQX6W/ZDRwDWGyECgDrM0wFqKYBl/U8EkGkYIQBKIgIApKODh/ISciNAUApg6zJ8f5Vu80YA/a64EQCKsPxGgLa2Nsv6nwgg0zBCAJREBABIRwcP5SVwLoCgyfmDpvw3FfuB+l0/k592+X9gOkCLjTAdIBTClwJmNUYIgJKIAADp6OChvER+I4DlV/QFf6GfaeoA/eJl5Q36DVtuJPiLB/hSQGQzIoCsxggBUBIRACAdHTyUR0UBpAsRQFZjhAAoiQgAkI4OHsqjogDShQggqzFCAJREBABIRwcP5VFRAOlCBJDVGCEASiICAKSjg4fyqCiAdCECyGqMEAAlEQEA0tHBQ3lUFEC6EAFkNUYIgJKIAADp6OChPCoKIF2IALIaIwRASUQAgHR08FAeFQWQLkQAWY0RAqAkIgBAOjp4KI+KAkgXIoCsxggBUBIRACAdHTyU53A4vF5vulsBSBRtBHD06FGn05nuVmMaIwRASUQAgHR08FBeT0/P4OBgulsBSBRtBNDQ0OByudLdakxjhAAoiQgAkI4OHsrzer0tLS1XrlzhWgAgxcptq6ysbGhoaG5uvnXrVrpbjWmMEAAlEQEA0tHBQwKv19vT0+NwOJoAZCSn0+lyuaj/MwojBEBJRACAdHTwAADAjBECoCQiAEA6OngAAGDGCAFQEhEAIB0dPAAAMGOEACiJCACQjg4eAACYMUIAlEQEAEhHBw8AAMwYIQBKIgIApKODBwAAZowQACURAQDS0cEDAAAzRgiAkogAAOno4AEAgBkjBEBJRACAdHTwAADAjBECoCQiAEA6OngAAGDGCAFQEhEAIB0dPAAAMGOEACiJCACQjg4eAACYMUIAlEQEAEhHBw8AAMwYIQBKIgIApKODBwAAZowQACURAQDS0cEDAAAzRgiAkogAAOno4CGB1+t1uVwOh6NJBqfT6XK5vF5vul94AFmMEQKgJCIAQDo6eCjP6/W2trb29fVdv359WIbr16/39/c7HA5SAAAxY4QAKIkIAJCODh7Kc7lc/f39Ho9namoq3W1JkampKY/H09/f73K50t0WANmKEQKgJCIAQDo6eCjP4XCMj4+nuxVpMD4+7nQ6090KANmKEQKgJCIAQDo6eCivqalJzvl/vampqaampnS3AkC2YoQAKIkIAJCODh4x6S3Ky7GwcuXKnJycnJU14Z5bY2Md66dF/Ryfz+fzSS6DJR87gDgxQgCURAQASEcHj5iEigDs1OixRAAxxgY+n092GSz52AHEiRECoCQiAEA6OnjERYsC8op6p383lOr6pMC/UL/O9AphnxAcN6ysiTYQkFwGSz52AHFihAAoiQgAkI4OHnEJFwGYrxTQlgfW0dYwZAN6eUW9RADxkHzsAOLECAFQEhEAIB0dPOISJgIIPsGve2Dmx96iPP1TjZsKyge4ESA2ko8dQJwYIQBKIgIApKODR1zCRAA1K4MeCdDWycsLvgXA4hqAnMAGiABiI/nYAcSJEQKgJCIAQDo6eMQlUgRgVbUbav2ZNYgAkkDysQOIEyMEQElEAIB0dPCIi+0bAXQrGucCmH62cVNBiABiI/nYAcSJEQKgJCIAQDo6eMQlvukADaW9xXUAM1sOPMR0gNGQfOwA4sQIAVASEQAgHR084hLhSwH1Vb1/peB1gqcMCEoB9FcE+POEvKJeIgDbJB87gDgxQgCURAQASEcHD+VJLoMlHzuAODFCAJREBABIRwcP5UkugyUfO4A4MUIAlEQEAEhHBw/lSS6DJR87gDgxQgCURAQASEcHD+VJLoMlHzuAODFCAJREBABIRwcP5UkugyUfO4A4MUIAlEQEAEhHBw/lSS6DJR87gDgxQgCURAQASEcHD+VJLoMlHzuAODFCAJREBABIRwcP5UkugyUfO4A4MUIAlEQEAEhHBw/lSS6DJR87gDgxQgCURAQASEcHD+VJLoMlHzuAODFCAJREBABIRwcP5UkugyUfO4A4MUIAlEQEAEhHBw/lSS6DJR87gDgxQgCURAQASEcHD+VJLoMlHzuAODFCAJREBABIRwcP5UkugyUfO4A4MUIAlEQEAEhHBw/lSS6DJR87gDgxQgCURAQASEcHD+U5HA6v15vuVqSB1+t1Op3pbgWAbMUIAVASEQAgHR08lNfT0zM4OJjuVqTB4OCgy+VKdysAZCtGCICSiAAA6ejgoTyv19vS0nLlyhU51wJ4vd7BwcGWlpZbt26luy0AshUjBEBJRACAdHTwkMDr9fb09DgcjiYZnE6ny+Wi/gcQD0YIgJKIAADp6OABAIAZIwRASUQAgHR08AAAwIwRAqAkIgBAOjp4AABgxggBUBIRACAdHTwAADBjhAAoiQgAkI4OHgAAmDFCAJREBABIRwcPAADMGCEASiICAKSjgwcAAGaMEAAlEQEA0tHBAwAAM0YIgJKIAADp6OABAIAZIwRASUQAgHR08AAAwIwRAqAkIgBAOjp4AABgxggBUBIRACAdHTwAADBjhAAoiQgAkI4OHgAAmDFCAJREBABIRwcPAADMGCEASiICAKSjgwcAAGaMEAAlEQEA0tHBAwAAM0YIgJKIAADp6OABAIAZIwRASUQAgHR08AAAwIwRAqAkIgBAOjp4AABgxggBUBIRACAdHTwAADBjhAAoiQgAkC7WDr5mZY5OXlFv4KHeorycnJyVNYlpYFJpR5EVTQUAIKWIAAAlEQEA0sXSwWs1vpE/BsiiCAAAAFgjAgCURAQASBd9Bz8TAOhq/OlLAqZDgJkIwH+hgP4agaD4ICgm0D+ie0BbnLdypfZoXl6ovWtLgq5OCLVj/5ONVwHoV9I92XREobcAAIAaiAAAJREBANJF3cFPl+T6K/8NS60uEpheP/j2Ad12TA/4HwneWl5Rr7ZqoAH630Nt39wkfWAwXcCb2zDziNURBT2JCAAAoBoiAEBJRACAdFF38CFqXt3i6YI5uLrPK+oNFR+Yl+tvJTBfdBC8tjERCNMic9UeutVB2w1+LOQeAQBQBxEAoCQiAEC6pEUAgTVMJbfxTLrV+XdD+W0x36D+vH9wc/SbC+zWqma3TgP0e9EdUXA6QAQAAFAaEQCgJCIAQLqk3QhgGQGYr6nPK+qNOgLQFeHBhbvFBfvW5b1F0yJHAMH3/xMBAACURgQAKIkIAJAuadMBRnOlfqgbBAJbMz42XYUXBRXjQavqL/4PvhFAt1pUNwIQAQAABCECAJREBABIl7QvBQx9Rt98lt7yOoCgUt5UcAc2pXso5IR+CZkO0DICYDpAAICaiAAAJREBANLF2sGbJuo3PmTnSwGDnhbi6/xCXiEQ9F2Apo3kFfVaFe6GrUf5pYD6LREBAACURgQAKIkIAJCODh4AAJgxQgCURAQASEcHDwAAzBghAEoiAgCko4MHAABmjBAAJREBANLRwQMAADNGCICSiAAA6ejgAQCAGSMEQElEAIB0dPAAAMCMEQKgJCIAQDo6eAAAYMYIAVASEQAgHR08AAAwY4QAKOlcNIgAAAXRwQMAADNGCICSiAAA6ejgAQCAGSMEQElEAIB00XbwJwAAQDZL0ggBQFYgAgCkiyECiHYSEQAAkCGIAADhiAAA6YgAAACQgwgAEI4IAJCOCAAAADmIAADhiAAA6YgAAACQgwgAEI4IAJCOCAAAADmIAADhiAAA6YgAAACQgwgAEI4IAJCOCAAAADmIAADhiAAA6YgAAACQgwgAEI4IAJCOCAAAADmIAADhiAAA6YgAAACQgwgAEI4IAJCOCAAAADmIAADhiAAA6YgAYuZ0OtPdhMRQ5kCUxLsDILGIAADhiAAA6ZITATgLF+aYrahyu91VK3IWFjr1P6RL1YpQbbRYUVvub7OzcGGqWu8sXGjZqsRtPSUH4ixcaPHqzuw+7X8MYYT5Y07FrjP2dQGQpYgAAOGIAADpkhcBRCpd0l71BSr76FckAoiexcto+y1IpzTW4UQAABKPCAAQjggAkC7lEYDlVQC6E62pq3jC15/+awQWFhYargLQtTYF9WsgAqhakbOwsMq/88ArFeLls1zsLFyoHVHqT2qbXnCLyyssm61LQXQXE6SqPg6/n4gvsvaW6V7zFVWBPy7/yxF8qcGKquBFGR+TAMgiRACAcEQAgHQZEAEErWz5zIKCAvOV2AUFBfGMgcJGAPpWaOWarRsBktLOoAggUA5WrcgJvJD+4wj8HOpVdRYuNKYHKToQ0yuu+zXCH4P+NVi4cGGoO0mS0+wwf8xBdzcE3hHDi6zV8ub3MLDhoBemaoXFGsk/TABSEAEAwhEBANKlbC4AXUUdXMEZK3HrC98NZU8iCh6ruQACdZplqRp5LoDEtzM4Agg0y/+bZZQR8lU1tDyFB+I2vLf6Ej7SH8PM487ChStWrMhZUZXCv5PQf8zGJvhbH/yqmoICq5/dFptJ8bsDQAYiAEA4IgBAurRfBWA52Zrlc9944w3t0c2bN8c1/Am0xPoqAGPrDZfiR5oOMMHtjBgB6F7CENeV619VQ9mawgMJPpjgk/gR/xiqVkxHAQsLqwoXTs8gaH0NR6KbHfolMl6HYHHVgmkDhuDDGDXNiHyvQxLeHQAiEAEAwhEBANJlRARg+47uN954I3EFT7IigAS3M3IEoFswUzKHbl8UEYA7wS940O6Dy+eIfwzOwoXaLAzanfQrqrQFqWh2CiKAqhWBsMPWVQCahL87ACQgAgCEIwIApEt7BJC+WeFD7ziOGwESz3YE4F97+hx56HzDfgSQeNr+jbuN/MfgLFy4olArRAdrXgAAIABJREFU+6cn20tVs23HKcE3AkQRARiiBNsRAADEgAgAEI4IAJAu/RGAYe403aRqSRZhOkD9vHsZHQHoFwfaFepVTXcEoF3Tv2KF6QqGSH8MVStyAhMgLlyYzG9KDBbjdIDRRQBB72BOTur/zACIQQQACEcEAEiXARGAO/jW9ZSVPFbTAZpKMasvBdQ9nOovBbS+CsB8E3nwIeQYpqc3TriXmgPx0015r1sU8Y/BMPlByloc25cCRjcXgO4dnP7OwKBpHvhSQACJQwQACEcEAEiXnAgAAABkIiIAQDgiAEA6IgAAAOQgAgCEIwIApCMCAABADiIAQDgiAEA6IgAAAOQgAgCEIwIApCMCAABADiIAQDgiAEA6IgAAAOQgAgCEIwIApCMCAABADiIAQDgiAEA6IgAAAOQgAgCEIwIApCMCAABADiIAQDgiAEA6IgAAAOQgAgCEIwIApCMCAABADiIAQDgiAEA6IgAAAOQgAgCEIwIApIshArgEAACyExEAIBwRACAdVwEAACAHEQAgHBEAIB0RAAAAchABAMIRAQDSEQEAACAHEQAgHBEAIB0RAAAAchABAMIRAQDSEQGYdXZ2prsJmULISyHkMFUl5O0TcphIASIAQDgiAEA6IgAzhtp+Ql4KIYepKiFvn5DDRAoQAQDCEQEA0hEBmDHU9hPyUgg5TFUJefuEHCZSgAgAEI4IAJCOCMCMobafkJdCyGGqSsjbJ+QwkQJEAIBwRACAdEQAZgy1/YS8FEIOU1VC3j4hh4kUIAIAhCMCAKQjAjBjqO0n5KUQcpiqEvL2CTlMpAARACAcEQAgHRGAGUNtPyEvhZDDVJWQt0/IYSIFiAAA4YgAAOlSEwFcO7l2fWmiRzGRnG9scN2I5YkMtf2EvBRCDlNVQt4+IYeJFCACAIQjAgCkS0EEcO3k2ofvy3mxJAkDmbA+PVa840AsKQBDbb9oX4qSF3OC3fdX//D4PxefuZak9oXcb05OThR/cjYP03IvYcTzN8++7O9LyNvHv0tIFCIAQDgiAEC6ZEcAWv0f53g6Np8eKy4ujiUFyJahttPpTPYu4o4ANPc9vL42SS3U+WTND7XdPfqbc9E9U0gNqeq+hLx9GXiYyFJEAIBwRACAdEmNAPz1f05OzrMfOJ0XLidtSGMwfPXSpeajxZpoUwDbda+zcKHFkHpFVUxNjo6zcGHOwsLMjQC0uuLap9ue/+ucnJycnPue3upKSgv9ru1dHvOusiX0gSUhb5/9CMB+VR/VylAGEQAgHBEAIF3yIgB9/a/z/R/Mffyft9UnJQwYvth6snLv7pJik6hSgKgigBTU4WncdZwRgNvtPrL6f2mF+cvJnQzCtfVp7a/tr5fvjfq2g4ScX01SKaXYTjPqCvlUvrbx7ytREYBr/6oHvp/z/QdW7XcRAQhFBAAIRwQASJekCCBE/R/w/UfWVH2WyDHNlc7aCovaP5YUIEERgO4agcBKzsKFCwsLV0wvrSpcmOP/NSdnRZW7SvezaTMzi3WLjL8nOBbImgjg3G8e1Xb8wzWfRP9sIoCU7TQDIoBrZ4pffrM0cmPiOczSN182zICRpgjgyPrVJZ+ZVvDvlAhAJiIAQDgiAEC6JEUAlz95O3wEkJPYG8R7Gw/sCFf/FxcX7zhQ3z1sa2OJiACchQsDZXzVCn9t7ixcqKvTtdpdW00r/rWfAxuuWqFLA6pWWKwRtErQ6tMKCgrML35BQUFCX4pp6boRIPZpANxut5gryVUVxdt37Uzxy7n3Jf8G+JIXc3LuyzXGAPGJJQL4ZM0Pc+57eO1JfTO4CgBEAIBwRACAdCm/ESAoBEhQXXjNcSRCAJC8GwEMdJW+vhT3l+bBqYEpKAhXygctDhEBhGBIAWzW/+6ETQeY89+WlSfxSwHimQbA7XZn5ERr7Mv+vmy+fTPlf2Czyb/YIRADpOMqAP8H4wcvGi8FMK8MQYgAAOGIAADpUjYd4Islbrf7mqut/vBHa574n9NL73uxJAGV4Y1Pj00nADvKDte2dl28fO2Ge+YbAZI9HaD1VQBVK4If8K8ZnA0EbUD/HENZ7789IMciAtAlEWGSgDfeeENbZ/PmzfaOzu1OXASQ1C8FiGsaALfbTQSQ5fuy+fZdrt+WjghgeuKTNEQA/gQgJydwKcC1kwd1t2ARAchEBAAIRwQASJeeLwW8dmbL0z/IycnJeXBtAurC3oZ9xcXFxbuPtPTpK/3kfylgCiKAqplpAwwn/C12PZMThJwO4I033oiq/ncnYi6AwC0hyboXIL5pANxuNzcCZDluBDDsWjs6fzQ27QcvFh8rfjn3Pv01AUQAMhEBAMIRAQDSJTsCcM+kAMaB5mdbnrwvkRHAjsMtV4IXf3oslvrfnZAIIOyNAFFEAIYoIWwEEKFJMYk/AnAne0bAOKcBcLvdTAeYwp0yHWCyD3OmqjcmAHr+EIAIQCYiAEA4IgBAuhREAG63+9rJteuN5Z9ry5OJKgrPf7Kj+HCL8Xzb+cZY6n938qcDjC4C8K8+fb2/tk6IuQAS/V2BGR8BxD0NgNvtJgJI4U4zIAKw25js/lJA/8Ux1qZDACIAmYgAAOGIAADpUhMBWCp5MZHTAR77NBFbcrvdSf9SwOjmAtBNAzD9nYGBywBygu8WyPEvSJhMvxEg/mkA3G43NwJkOSFvX1QRQIQEYCYEIAKQiQgAEI4IAJAufRFA4/rFcZVtejfaq6saLyZmW2IqCjsyfDrABEwD4Ha7mQ4wy/cl5O2L5UsBE7oylEEEAAhHBABIl7YIwLlp7Rbr76mKyZWWhnOXErQtIgC/REQA9/3VPzz+zwmdFy3EjmIvZoTUkKruS8jbl4GHiSxFBAAIRwQASJemCOCa82RtAgMAt9vtvuLq7o/p1n8TIgA/IS+FkMNUlZC3T8hhIgWIAADhiAAA6dI4F0DGYqjtJ+SlEHKYqhLy9gk5TKQAEQAgHBEAIB0RgBlDbT8hL4WQw1SVkLdPyGEiBYgAAOGIAADpiADMGGr7CXkphBymqoS8fUIOEylABAAIRwQASEcEYMZQ20/ISyHkMFUl5O0TcphIASIAQDgiAEA6IgAzhtp+Ql4KIYepKiFvn5DDRAoQAQDCEQEA0hEBmDHU9hPyUgg5TFUJefuEHCZSgAgAEI4IAJCOCMCMobafkJdCyGGqSsjbJ+QwkQJEAIBwRACAdEQAAADIQQQACEcEAEhHBAAAgBxEAIBwRACAdDFEAE0AACA7EQEAwhEBANLFEAEkqSUAACDZiAAA4YgAAOmIAAAAkIMIABCOCACQjggAAAA5iAAA4YgAAOmIAAAAkIMIABCOCACQjggAAAA5iAAA4YgAAOmIAAAAkIMIABCOCACQjggAAAA5iAAA4YgAAOmIAAAAkIMIABCOCACQjggAAAA5iAAA4YgAAOmIAAAAkIMIABCOCACQjggAAAA5iAAA4YgAAOmIAAAAkIMIABCOCACQjggAAAA5iAAA4YgAAOkSGAHMmsU/EQAAZDQiAEA4IgBAOiIAAADkIAIAhCMCAKQjAgAAQA4iAEA4IgBAOiIAAADkIAIAhCMCAKQjAgAAQA4iAEA4IgBAOiIAAADkIAIAhCMCAKQjAgAAQA4iAEA4IgBAOiIAAADkIAIAhCMCAKQjAgAAQA4iAEA4IgBAOiIAAADkIAIAhCMCAKQjAgAAQA4iAEA4IgBAOiIAAADkIAIAhCMCAKQjAgAAQA4iAEA4IgBAOiIAAADkIAIAhCMCAKQjAgAAQA4iAEA4IgBAOiIAAADkIAIAhCMCAKQjAgAAQA4iAEA4IgBAOiIAAADkIAIAhCMCAKRLYAQAAAAyHBEAIBwRACAdEQAAAHIQAQDCEQEA0hEBAAAgBxEAIBwRACAdEQAAAHIQAQDCEQEA0hEBAAAgBxEAIBwRACAdEQAAAHIQAQDCEQEA0hEBAAAgBxEAIBwRACAdEQAAAHIQAQDCEQEA0hEBAAAgBxEAIBwRACAdEQAAAHIQAQDCEQEA0hEBAAAgBxEAIBwRACAdEQAAAHIQAQDCEQEA0hEBAAAgBxEAIBwRACAdEQAAAHIQAQDCEQEA0hEBAAAgBxEAIBwRACAdEQAAAHIQAQDCEQEA0hEBAAAgBxEAIBwRACAdEQAAAHIQAQDCEQEA0hEBAAAgBxEAIBwRACAdEQAAAHIQAQDCEQEA0hEBAAAgBxEAIBwRACAdEQAAAHIQAQDCEQEA0hEBAAAgBxEAIBwRACAdEQAAAHIQAQDCEQEA0hEBAAAgBxEAIBwRACAdEQAAAHIQAQDCEQEA0hEBAAAgBxEAIBwRACAdEQAAAHIQAQDCEQEA0hEBAAAgBxEAIBwRACAdEQAAAHIQAQDCEQEA0hEBAAAgBxEAIBwRACAdEQAAAHIQAQDCEQEA0hEBAAAgBxEAIBwRACAdEQAAAHIQAQDCEQEA0hEBAAAgBxEAIBwRACAdEQAAAHIQAQDCEQEA0hEBAAAgBxEAIBwRACAdEQAAAHIQAQDCEQEA0hEBAAAgBxEAIBwRACAdEQAAAHIQAQDCEQEA0hEBAAAgBxEAIBwRACAdEQAAAHIQAQDCEQEA0hEBAAAgBxEAIBwRACAdEQAAAHIQAQDCEQEA0hEBAAAgBxEAIBwRACAdEQAAAHIQAQDCEQEA0hEBAAAgBxEAIBwRACAdEQAAAHIQAQDCEQEA0hEBAAAgBxEAIBwRACAdEQAAAHIQAQDCEQEA0hEBAAAgBxEAIBwRACAdEQAAAHIQAQDCEQEA0hEBAAAgBxEAIBwRACAdEQAAAHIQAQDCEQEA0hEBAAAgBxEAIBwRACAdEQAAAHIQAQDCEQEA0hEBAAAgBxEAIBwRACAdEQAAAHIQAQDCEQEA0hEBAAAgBxEAIBwRACAdEQAAAHIQAQDCEQEA0hEBAAAgBxEAIBwRACAdEQAAAHIQAQDCEQEA0hEBAAAgBxEAIBwRACAdEQAAAHIQAQDCEQEA0hEBAAAgBxEAIBwRACAdEQAAAHIQAQDCEQEA0hEBAAAgBxEAIBwRACAdEQAAAHIQAQDCEQEA0hEBAAAgBxEAIBwRACAdEQAAAHIQAQDCEQEA0hEBAAAgBxEAIBwRACAdEQAAAHIQAQDCEQEA0hEBAAAgBxEAIBwRACAdEQAAAHIQAQDCEQEA0hEBAAAgBxEAIBwRACAdEQAAAHIQAQDCEQEA0hEBAAAgBxEAIBwRACAdEQAAAHIQAQDCEQEA0hEBAAAgBxEAIBwRACAdEQAAAHIQAQDCEQEA0hEBAAAgBxEAIBwRACAdEQAAAHIQAQDCEQEA0hEBAAAgBxEAIBwRACAdEQAAAHIQAQDCEQEA0hEBAAAgBxEAIBwRACAdEQAAAHIQAQDCEQEA0hEBAAAgBxEAIBwRACAdEQAAAHIQAQDCEQEA0hEBAAAgBxEAIBwRACAdEQAAAHIQAQDCEQEA0hEBAAAgBxEAIBwRACAdEQAAAHIQAQDCEQEA0hEBAAAgBxEAIBwRACAdEQAAAHIQAQDCEQEA0hEBAAAgBxEAIBwRACAdEQAAAHIQAQDCEQEA0hEBAAAgBxEAIBwRACAdEQAAAHIQAQDCEQEA0hEBAAAgBxEAIBwRACAdEQAAAHIQAQDCEQEA0hEBAAAgBxEAIBwRACAdEQAAAHIQAQDCEQEA0hEBAAAgBxEAIBwRACAdEQAAAHIQAQDCEQEA0hEBAAAgBxEAIBwRACAdEQAAAHIQAQDCEQEA0hEBAAAgBxEAIBwRACAdEQAAAHIQAQDCEQEA0hEBAAAgBxEAIBwRACAdEQAAAHIQAQD/P3v3HdbU1QBgPKC4914oqAHEheDeintvrFbFVduqVeuuC0c/bbVqra3WWrXuotattSo46kQQFw42iAgqQ1YIJPn+iMZIAANNZJz395zHB0PIvQkj97y590ZwJABAdCQAAADEQQIABEcCAERHAgAAQBwkAEBwJABAdCQAAADEQQIABEcCAERHAgAAQBwkAEBwJABAdCQAAADEQQIABEcCAERHAgAAQBwkAEBwJABAdCQAAADEQQIABEcCAERHAgAAQBwkAEBwJABAdCQAAADEQQIABEcCAERHAgAAQBwkAEBwJABAdCQAAADEQQIABEcCAERHAgAAQBwkAEBwJABAdCQAAADEQQIABEcCAERHAgAAQBwkAEBwJABAdCQAAADEQQIABEcCAERHAgAAQBwkAEBwJABAdCQAAADEQQIABEcCAERHAgAAQBwkAEBwJABAdCQAAADEQQIABEcCAERHAgAAQBwkAEBwJABAdCQAAADEQQIABEcCAERHAgAAQBwkAEBwJABAdCQAAADEQQIABEcCAERHAgAAQBwkAEBwJABAdCQAAADEQQIABEcCAERHAgAAQBwkAEBwJABAdCQAAADEQQIABEcCAERHAgAAQBwkAEBwJABAdCQAAADEQQIABEcCAERHAgAAQBwkAEBwJABAdCQAAADEQQIABEcCAERHAgAAQBwkAEBwJABAdCQAAADEQQIABEcCAERHAgAAQBwkAEBwJABAdCQAAADEQQIABEcCAERHAgAAQBwkAEBwJABAdCQAAADEQQIABEcCAERHAgAAQBwkAEBwJABAdCQAAADEQQIABEcCAERHAgAAQBwkAEBwJABAdCQAAADEQQIABEcCAERHAgAAQBwkAEBwJABAdCQAAADEQQIABEcCAERHAgAAQBwkAEBwJABAdCQAAADEQQIABEcCAERHAgAAQBwkAEBwJABAdCQAAADEQQIABEcCAERHAgAAQBwkAEBwJABAdCQAAADEQQIABEcCAERHAgAAQBwkAEBwJABAdCQAAADEQQIABEcCAERHAgAAQBwkAEBwJABAdCQAAADEQQIABEcCAERHAgAAQBwkAEBwJABAdCQAAADEQQIABEcCAERHAgAAQBwkAEBwJABAdCQAAADEQQIABEcCAERHAgAAQBwkAEBwJABAdCQAAADEQQIABEcCAERHAgAAQBwkAEBwJABAdCQAAADEQQIABEcCAERHAgAAQBwkAEBwJABAdCQAAADEQQIABEcCAERHAgAAQBwkAEBwJABAdCQAAADEQQIABEcCAERHAgAAQBwkAEBwJABAdCQAAADEQQIABEcCAERHAgAAQBwkAEBwJABAdCQAAADEQQIABEcCAERHAgAAQBwkAEBwJABAdCQAAADEQQIABEcCAERHAgAAQBwkAEBwJABAdCQAAADEQQIABEcCAERHAgAAQBwkAEBwJABAdCQAAADEQQIABEcCAERHAgAAQBwkAEBwJABAdCQAAADEQQIABEcCAERHAgAAQBwkAEBwJABAdCQAAADEQQIABEcCAERHAgAAQBwkAEBwJABAdCQAAADEQQIABEcCAERHAgAAQBwkAEBwJABAdNlIAAAAIO8y0hYCgDyBBACILhsJIAYAAORNJABAcCQAQHQkAAAAxEECAARHAgBERwIAAEAcJABAcCQAQHQkAAAAxEECAARHAgBERwIAAEAcJABAcCQAQHQkAAAAxEECAARHAgBERwIAAEAcJABAcCQAQHQkAAAAxEECAARHAgBERwIAAEAcJABAcCQAQHQkAAAAxEECAARHAgBERwIAAEAcJABAcCQAQHQkAAAAxEECAARHAgBERwIAAEAcJABAcCQAQHQkAAAAxEECAARHAgBERwIAAEAcJABAcCQAQHRGSACn5js4bT612clBbf6pj7BFAwAA9EACAASX1T8aJAAgvzFOAng387+72YkKAABALkECAASX1T8aJAAgvzFSAtCa9Kf5LwAAyDEkAEBwWf2jQQIA8htjHQhwV/Pfu5ud3vs/AADIKSQAQHBZ/aNBAgDyGxIAAADiIAEAgsvqHw0SAJDfcCAAAADiIAEAgsvqHw0SAJDfGPt0gKfmO7APAAAAuQQJABBcVv9okACA/MZYewHMn//mPQGZ/wMAkGuQAADBZfWPBgkAyG+MfyAAAADILUgAgOCy+keDBADkNyQAAADEQQIABJfVPxokACC/IQEAAJCf7ZvmMG2f5n8kAEBwWf0TQgIA8hsjJAAAAJBLkQAAwWX1jwYJAMhvSAAAAORP6tf/2QsAgJas/iEhAQD5DQkAAABxkAAAwWX1jwYJAMhvSAAAAOQ32q//sxcAAC1Z/XNCAgDyGxIAAADiIAEAgsvqHw0SAJDfkAAAAMg/dF//Zy8AAFqy+keFBADkNyQAAADEQQIABJfVPxokACC/IQEAAJAfZPT6P3sBANCS1T8tJAAgvyEBAAAgDhIAILis/tEgAQD5DQkAAABxkAAAwWX1jwYJAMhvSAAAAIiDBAAILqt/NEgAQH6TjQQAAADyLiNtIQDIE0gAgOh4ggcAALrYQgDyJRIAIDqe4AEAgC62EIB8iQQAiI4neAAAoIstBCBfIgEAouMJHgAA6GILAciXSACA6HiCBwAAuthCAPIlEgAgOp7gAQCALrYQgHyJBACIjid4AACgiy0EIF8iAQCi4wkeAADoYgsByJdIAIDoeIIHAAC62EIA8iUSACA6nuABAIAuthCAfIkEAIiOJ3gAAKCLLQQgXyIBAKLjCR4AAOhiCwHIl0gAgOh4ggcAALrYQgDyJRIAIDqe4AEAgC62EIB8iQQAiI4neAAAoIstBCBfIgEAosvqE7w/AADIm4y6hQAgTyABAKLL6hN8AgAAyJuMuoUAIE8gAQCiIwEAACAIo24hAMgTSACA6EgAAAAIwqhbCADyBBIAIDoSAAAAgjDqFgKAPIEEAIiOBAAAgCCMuoUAIE8gAQCiIwEAACAIo24hAMgTSACA6EgAAAAIwqhbCADyBBIAIDoSAAAAgjDqFgKAPIEEAIiOBAAAgCCMuoUAIE8gAQCiIwEAACAIo24hAMgTSACA6EgAQJbEhXlH/zUoalerqJ3NGXlj7G4TfXhIXJh3Tv/sADnPqFsIAPIEEgAgOhIAoL+4MO+o3a2i93eOOdg75lA/Rt4YB3tH73eM2tUqLtQjp3+CgBxm1C0EAHkCCQAQHQkA0F/0X4Oi93fO+TktI+sjen/n6L8G5fRPEJDDjLqFACBPIAEAoiMBAPqL2t2a1//z6jjYO2pP25z+CQJymFG3EADkCSQAQHQkAEB/UTub5/xUlpHdEbWzeU7/BAE5zKhbCADyBBIAIDoSAKA/EkCeHiQAwKhbCADyBBIAIDoSAKA/EkCeHiQAwKhbCADyBBIAIDoSAKA/EkCeHiQAwKhbCADyBBIAIDoSAKA/EkCeHiQAwKhbCADyBBIAIDoSAKA/EkCeHiQAwKhbCADyBBIAIDoSAKA/EkCeHiQAwKhbCADyBBIAIDoSAKA/EkCeHiQAwKhbCADyBBIAIDoSAKA/vRPAhhSVSqW6lfjehV/L4nQvzHR43np7/Q0pqjCZm+ZClUqlUvgefXehQYbbUUWWVu/dnU1vNd6tvEFGBkshAQBZYdQtBAB5AgkAEB0JANBfVhJAmCJOleL5/gQ7Lixrc+z0ZtGJ4SpV+AaDTfsNkACysPI5O0gAgFG3EADkCSQAQHQkAEB/WUoAMt9b2nP1ON+wFF/tObZ6pwCVSqVSxR2Ne+9r1cJkvmn3AkgM1/wu3krUfmHc7ahC96Y0F6pUKpWmR3wti1PfskqV5nX1dwlgQ4oqTOap+XKtq6WzIO3X59Nd+YzubHaXkv79IgEAH5alZ3wSAJAvkQAA0ZEAAP1lLQG4bUh5bw58K/HdHPtrWdy7F/MTwzVz3a9lcSqF79da0+m0BwJo7QWguXBDypuZcNov10yPE8M1N/W1LC5NdEg3AWiur716GS1IvRoZrbz25f3ifMO0by3rS8nofpEAgA8z6hYCgDyBBACIjgQA6C+LCaBfYvjbyarbUUX4hndz7LS73L+d1qbZeT69cwGkkwD02eX+3XXem5BnkgDevbqu+dr0F5TBamT4VV/L3hwika2lZHi/SADAhxl1CwFAnkACAERHAgD0l9UEEOcbpp5sv/lAM8f2vPX+6/BvpuVar5DrzskzTABpvyrtmmi8SwDp7zz/oQSQwYIyWI23txbnG6b7l0Th+3X2lpLx/SIBAB9m1C0EAHkCCQAQHQkA0F9WE0CM21FF3NE49eH3bv0+bgJ4M0l+84L/+3sBfOwEkH6hyF4CyOh+kQCADzPqFgKAPIEEAIiOBADoL8sJQD3591SHgH4f9UCANJXBEAnAQAcCfCABfHgp6d8vEgDwYUbdQgCQJ5AAANGRAAD9ZT0BvNkN/s1L1vqdDlBrhq/K4ukA+8X5hr35rPbc+M0p9N+dtC+bCSDdBb1/OsD0Vv79ExB63lKld2I/fZeS4f0iAQAfZtQtBAB5AgkAEB0JANBfNhJAjNtRxXsff/BNATWXp/OmgBkkAO33yXv3krjOOwi+O81+dhNAugvSPko/3ZV//86+/w6C2VhKBveLBAB8WJae8UkAQL5EAgBERwIA9Kd3AmDkxkECAIy6hQAgTyABAKIjAQD6IwHk6UECAIy6hQAgTyABAKIjAQD6IwHk6UECAIy6hQAgTyABAKIjAQD6IwHk6UECAIy6hQAgTyABAKIjAQD6IwHk6UECAIy6hQAgTyABAKIjAQD6IwHk6UECAIy6hQAgTyABAKIjAQD6IwHk6UECAIy6hQAgTyABAKIjAQD6IwHk6UECAIy6hQAgTyABAKIjAQD6i9rdOuZg7xyfyjKyMw72jtrTNqd/goAcZtQtBAB5AgkAEB0JANBf9KEB0fsdc342y8j6iN7vGP3XoJz+CQJymFG3EADkCSQAQHQkAEB/caEeUbtaRu/vzL4AeWkc7B293zFqV8u44Ks5/RME5DCjbiEAyBNIAIDoSABAlsSFekQfGhC1q1XUzuaMvDF2t4n+axDzfyCBBACABACABAAAgCCMuoUAIE8gAQCiIwEAACAIo26dh1FoAAAgAElEQVQhAMgTSACA6EgAAAAIwqhbCADyBBIAIDoSAAAAgjDqFgKAPIEEAIiOBAAAgCCMuoUAIE8gAQCiIwEAACAIo24hAMgTSACA6EgAAAAIwqhbCADyBBIAILqsPsEnJSXl9AYMAADIsqSkJKNuIQDIE0gAgOiy+gQvl8tzehsGAABkmVwuN+oWAoA8gQQAiC4bT/ByuTwxMTGnt2QAAIBeEhMTszr/z94WAoDcjwQAiI4neAAAoIstBCBfIgEAouMJHgAA6GILAciXSACA6HiCBwAAuthCAPIlEgAgOp7gAQCALrYQgHyJBACIjid4AACgiy0EIF8iAQCi4wkeAADoYgsByJdIAIDoeIIHAAC62EIA8iUSACA6nuABAIAuthCAfIkEAIiOJ3gAAKCLLQQgXyIBAKLjCR4AAOhiCwHIl0gAgOh4ggcAALrYQgDyJRIAIDqe4AEAgC62EIB8iQQAiM5xxfmImKScXgsAAJCLRMQk9fzOPafXAoDhkQAA0c3Z47X9on9OrwUAAMhFtl/0n7/vdk6vBQDDIwEAoguKiO247OxWdz/2BQAAABExSdsv+ndcdtY/PCan1wWA4ZEAANEpFIqA8Kg5e7wcV5x3+OY0g8FgMBgMkUfP79zn77vtG/ZKoVDk9EYKAMMjAQBQKRSKpKSkuLi41wAAQGxxcXFJSUnM/4H8igQAAAAAAIAQSAAAAAAAAAiBBAAAAAAAgBBIAAAAAAAACIEEAAAAAACAEEgAAAAAAAAIgQQAAAAAAIAQSAAAAAAAAAiBBAAAAAAAgBBIAAAAAAAACIEEAAAAAACAEEgAAAAAAAAIgQQAAAAAAIAQSAAAAAAAAAiBBAAAAAAAgBBIAAAAAAAACIEEAAAAAACAEEgAAAAAAAAIgQQAAAAAAIAQSAAAAAAAAAiBBAAAAAAAgBBIAAAAAAAACIEEAAAAAACAEEgAAAAAAAAIgQQAAAAAAIAQSAAAAAAAAAiBBAAAAAAAgBBIAAAAAAAACEF7eu/s7Jxmwq97CQkAAAAAAIA8Kc2EX3vOn+a/JAAAAAAAAPIw3QSgnvZrf0wCAAAAAAAgz9Pd818b5wIAAAAAACCf0J3kZzL/JwEAAAAAAJBXpTvPz2j+TwIAAAAAACCvymiqTwIAAAAAACBfIQEAAAAAACAEEgAAAAAAAEIgAQAAAAAAIIQsJwAAuky05PS6iMghl8npxwMAAADIps8++yynVwHI9Zj/56ycnvKnldOPBwAAAJBNJADgw5j856ycnvKnldOPBwAAAJBNJAAAuV1OT/nTyunHAwAAAMgmEgCA3C6np/xp5fTjAQAAAGQTCQBAbpfTU/60cvrxAAAAALKJBAAgt8vpKX9aOf14AAAACM3FxSU2NtbGxiaTSzL6lIuLi/rN81xdXT/S6uYyJAAAuV1OT/nTyunHAwAAZId64qf7MQzCxsYmNjZW8+70Li4uEq35tnoSrn2dxMREJyenrC6lfPnyfn5+Pj4+oaGh6lm97iWZXNnGxiYiIsLJyUnzgWHufJ5CAkAuVdysYLXixeqUKVW7dKnKxYoWNyv4kU7K7yY3zBCWaUFJ0bKS0tUlFa0ltVpKCpj995vM/mS9adOW7Tu17zu409DRnYeP6+Q0tuPgT9v2GtC8TbscTwBlypQ1N69Zo4Z5kSJFDHKDRlKqRDGHBnWb2NS0rFKmeOGCBr99y8plZ3SyXNev9t5P6+8dUWefk+XuQdW1x55B1fc5WaYZuwfV2DWo5h9DLDf2q/VFu1o1KpYx4CqZZKxg8VKFK5kXqVanSLU6hSpUK1C0RCZXNuAqvV0x05EVO3jZLtxR29m5cqfmxS0tC5cvUaCIieTdskxNCmj/FwCQBhXAeHQn1U5OThEREeq5t5OT08yZM7Wv4+rq6ufnV758+ewtK82EX/eSdD/l5OR0//599UI9PDzUnUI0JADkLgVNTZtWrjC7cb2dHZqf7tr6Ys8OF3q0P9a5xa62TWfUl9qUKWVq7Pfny3RiX/SC/IvHqZ/cTzVzzx0JoGZzSdsp70bDgZLS1T/SorWVqCip2VRiN0TS/itJn5WSYZskn+6VTDwl+fKCpKgB5mbZm6i36txtkMtGpx0XnI48HHE+/NOLr0a5v/jkTOjQQ/eHbPm759SFTVu0+vgJoL5tg8ULl+zbt8/N7YL37Tu3vbyPHz+5b9/+mTNmVapY6b8/VgZXx7zyg783PTix6u8fnF0+aVKrfDHD/gbO6FRnf//y58fWebJ2RNAvE4M2jgv8aWzgT85vx5jAn5wDN4x5b/zkHPTz+KBNn/muH+U2XrqnT9m5vRoYcJV0J/OmBc1K1m9dY+wK6eID9Va71f/xqu2Gq9bfn6278M9qnywsUsPKxNTU2AnARGIytmr/xw7bXzbfE930j7imW583Xn+7/uIT0q/WVB80oqxD1cLlyhSpMtHm++n1Nw2sNbVZxe6VitUyNSlg2NUAgHyACmAkugnAxcUlzSRf+zr/5XX4zBNAmuVqf6p8+fL3799X7wWgmww8PDzUPxIeHh66d+3nn39OTExU7+Dg6uqad48mIAEgFylgajrPvoFnX8cnA7oGDOoWMLCr/4Au/gO6+Pd39O/b6XHvDje7t5vd0LpIAWNu1GY8qy9/We4aoUhIVcWkqBb4pxa6kHMJoEhJSdspkhk3JPMepjMGb5RUTqeAGlKBQpJq9SV2gyQ9F0gmHJRMPiOZck4y1V0y7ZJk2r+Sry5Lpl6WTL0smXLp4yeApg4ODg4OHQeOGPWnZ7cjgU2OhbY4Edbtn4i+51/0c3vR/Z+I1ifD2h0N/MEjZNaBK2269fqYCWD2rHnPnoUnJcoUCqVCqVIolAqF+l9lQmKSv3+A8+jx//3hMqyCBUzvnVgTcukHv+Nzb/06+sexzUoXNeS+ABv61HIbWdVrfPXgRW1idn6V8NeSxKPLE4+uSDyWwTi6IvHo8oS/lsRs/yJoYSuv8TX++aTK6m5VDbhKOi/9F6w+ZmmDrT6N9gTZ7X+aZjTaHVj/V++qQ2aZFCxo1ATQvVrvmy1OBLQ+E9ry2LMWhyJb7I9qtium2Y64pltjm/z8qsm6lbU+dbH/63CXl0e7Rh/qHHmg87M9HYM2tro+1XaDMXZJAIA8ivm/8ehO6dW7/WtPknM8AUgkEicnJ81MPkt3RH2b6kMb1HcqkxMQ5GYkALF80qtyzI12Hje/fOnzVar/dPVIudsl9mb7ldNrly9tgH22s6eAiUmbKhWO9WgbMLRnwJAeAYO7BwzuHjCw65sK0N/Rv19n/36d/Pt09OvdwbWtfUPj7Q6Q3ny+1CV5t9spt+OUKi1XYpTtPFMKZxQCjKeyjWTc4fQn/9qj2WgjrkNNe8mcG5I51yWzr0tmXZfMvCaZeU0y44pk+pWcTQDDOtltGNO45+SFfffet//Vu84Wz8Z73bocc29x6mmnfyI7/fOi2enweidCpYf8m2/z3utx99TNq/O+HNo5i4cFZOMu1K1T98yZ8ympSs1ITVWmav1XM3bu3FOuXLn//qAZ0IlNM4Lc/ud/ct69nZ/949J3bFtLA974oTG2HmOr+U82f/aV+cuvLaPnWsfMt41d2DB2YcPYBQ1jFzV+NxY2jF3YMGZR45gFDaLnSF/MqBX+lbnf5JrXx1TdP9KQT73vJvEFChSXOkj/d7rxvtAPjtrf7C5cuZb27gAGXCXb8s0Ptj53u73n/bZXnrRxC2j9d0jL489a/hXRwvVF871RzXaGtTx8rFPo8a6x6Y7mFXsacGUAIO9i/m9U2sf5aybG6qPxNfPtXH4ggObMBWnOU5BRucijJxQwVgKwsLDo2LGjs7Ozi4vL4cOH3d3dc/DXzM7Obvv27dHR0SqVKjo6evv27XZ2djmyJjlu3+r6KXc6fuN2+G7gP8qYC+qRcr93yp2OSXf7uB+Y4LplXEZj/bJBFcuXMNKKtahUxq1nu0eDu/m/nwD800sAfr3bn+nUvGkp46yMzmTe+nqKa4QiPlWl66VcuTZEUenyR0wAlW0yfPFfd7SdYqzVyK0J4Phoqytjm0xeumHEys0D1vyy9LevPY60/OLgWvPD/tJjT+see1rpcHARV79KW+402Ow19YjPgat/+/qc+XNB335Z2Rsgq+tft67U0/NOkiw1Wa5IliuS5cq3H6g/VmpdokxITD58+EiJEsb6XUtX0dLlLNt0bzLs87ZfLO3w1coWExY06D+2euPWBQsXNZFI1s8Zcmv3lGtbPzvx7dBpfRvXr27IA++PjZbem1gjbFqtmFmW8TOrJy5pnPTH57KzG2THv01a2z1xds2kORZJcywSZ1ZP+raV7Pi3Mo9DMvdfEzcNjZ9tETPTIuyrWt7jqx0ebW3AVdLM4YvWbmz9w4WGuwIb7g7+8NgVUHuRa6EKNYyRADa2uujeOeRKxyc3299Z2+77GW0/n9n2s1ltJ85uM35Om3Fz2zhP6jB7Qsf5umOT47XjXWMXNt5nZlrYgOsDAICuTObD6hfeXVxc0s0E2VtW9hKAq6urZq8EFxcX7R3+NWcu0BwskO5dM1ICSGemkan/siwDJAA7O7uOHTu6uLhs377d3d098zvwXxeWdc7OzursZGFhIZFILCws1HXH2dn5o62Dsb+L+lMngDjv7rK7PVLuvR13OqX6DFKGLleF/5TJSA1dP7BnI2OsVQETk33tHe706+QzsIvv4O7vJQDNgQDvJwC/Xu3Od25ezBhHBLw/k+/unRKUpFQoM/zGyZUq3wRl61spHyMBFCkp+eL8e5P8GTckI3a+GemmAStHo6xJrkwA7VvY/ztA6tXH6tGUhr7zG/p9X//Z9tpXDrQusc27wL4nRf70K/ynX4F9Twpuf1B2/c3q317suv5y8POAxBe7H9/+649vmzZraqwEcOrU+fjElESZIkmmTJQptEeS5t8kRaJMmSRTJMkUcQkprq6H//vjpo+ipcu1+WzR57su7rrx5N+AiIDIV6FPvR48fX7W5+mGc3cGrNhRt0Ofbb9tPrD1+82z+rWqV7VQQQP/0p1wlvp8ViNiusXrmTWTfuqfEnpXkZyoSE1RpiQrYsJT9k1PnmMun2uRss1Z8SpEkZKsUCoVipTU+FfJhxe9/rrG8+kW9ybWODLK8AlAYmJiueBA/T/86+8M1Hfs8K81b69mRwADrtKm1rdOd3l5vvPTix0ff9Zmchu9fdvh4LGuMVvb3DMvkcf2UQQA5AaOjo6lSpXS88qZz4ddXV09PDwMNWfO9oEA2p/y8PDQPkhB8yknJ6eoqCjtdw34YAL47/crawEgZxNAumuT4xNdDTs7O5VKpfuaf0aXG8kH7/hHe2Rct4zLfJ6f+Rjat4nBV8mkgKm5k8PBQZ1u92l/r3/nRwO7+g/urj4RQODwPoHOQwLGDPIb3v3JkA6+Qzv4DmnvO6S97+B2voPb+g5qO7dJzQKmhj4c4O0cvs41+eYwhVxr8u+bqEzNoAVEp6hm+KZW+9fICaDtlHdz+94rJZVt3pvhFykp6b0ybQL44rxR1kTvBND6x7sdf76fZrRd71lm2GqJWVE9l6bnzLxva7tLPaxDPpeGTrd6Otfq2cq6kdssLi5s3nbt/kZbTlX65VKh3+8X+e1O8Z+9yq69XnnZBcsF/6w9eS/11W5l1LYHV4cN7FPfGAlgxrR5CYmK+ERFbFzy/u3ut675vngRn5ikiHmd/OJF/IuX8a/j5QlJivBnsZfPP9i95dzrOHl8oiI+UTHqUyOeF8DExKR4uUptRk9fcuiqR2j0y0R5ZII84mWQ7Pa0VO/JSRf7Rlyd/TAi7l547ObTVw8fPrxixbeVy5Uy+G+bRCI56Vz30aQaEdNrxa9omfrsoVKlUiqVSpVKqVQpVSpl0uvUXZNSVrZSvgh48ymlUqlUKZXK1OTEhL0zIqZWvz+xxnGDJwBT0wp9Prf9w/+Do8FO/7Z/BjXY+e6Ssp0/VVcAA67Sosb7jneNPdUl6u/OIWNbT2nVqpVMJouLi4uKioqMjDxz5swnn3zSq1evQ4cOhYWFPX/+/MqVK+PGjWvVqtWy9vuPdY052PVVxxqjTExMDbhKAICs0kyU/uONGHyiqH7FNN1PWVtbt27dWs91050Gz5w5U/1f9eEArq6uOZ4AJBKJ5kx+ac75pzlmITg4+MmTJySALKxr5nfgPy0s67Zv357RaR7Uuy0Yb9FpHpAPXjnNlxhJLkwARetVrvGbs9OyYRd7tfXu0/5Bv05P+jv6D+7+/PeNz728fO4E+dwNiLx39fm5NYFb24f+3jL8j1av9rSK/bNV3IFWd3+2tzIvZuAVejuHvxef9sV/6+spq4NT41LSzwBypepmrNKICaBIyTev84/YKSldXVLZRvLF+XQO+Nc9TYAxdgR4PwHUWuHlciZ0r9eLleee1l91WzsBRMbJdR8rd7/Yaouu6L+DgJ4z88U9GwSMtwqZZBXylVXoHKtny6URv1redq7jMaqRx1zHibMXlV13o9zqaxWWuldeeNZ83pnq0491WnYsLPRvVeSKxJBBUybUNXgCsK3X0Nc/LDY+9XV8iucNv3Y1p/RtNH+q04Y13/w5a8zmqU4bpg7/ad74LesWH/x8wLoeNrPbmE++fyckNj41Nj7V/cKNihUrZ+vb82HmTdp+vfX49cCXIbExD175XXjq7hf1Iurx76m+qxXBWxVXBwYcGXDm3lPPp9H7Dv61ffv2sYt+qFCzrjHW5JRz3UeTakROqZR4dFmqIlWpUilfR6Ze+k3hc/ZNC4jwVVzeqlQolCqVIvxR6sn/KR66KZWqVKVK9iIkcn6jBxOrnTB0AihcXVpn3RXrbU8yGQ3/8B19+umO+9E3nyW22vlQc3mtJX8VLF3RsAlgtJWL+qj+o46Rn7aa0rx5c5lMdvjw4SlTpri4uISEhNy9e3f+/PmxsbFz586dMmXKpk2bnJycmjdv7tJu31/dYvb1ipvZ+nSRgiUNuEoAoGFubu7t7R381tixY7P05R07dvT09OzYseNH+Kqcpee8QJ8b0f34g1fOiHr+n+aaffv2rVKlikQiMTMz69Gjh547Amjv5K9SqdQTfs0l6vl2Hj14/iPQcyZokAljPk8A0dHR6v3/dVlYWERHRxtv0dn+/RQtAZQf0dzij/G2OyZsHtbpRs+2d3u39+nv+PLciXuhSbP2JA75MXHIj4mLDiQ+CZPF+R1IPNshxb1d6sX2ikvtFZfbJ7i1GdypooFPC/h2Dp/OT6+bvPAFeeOb8huxGR4YYMQE0HDgmxf/JW/PCJDuK/zaewpo9hcwOK0E0HzD/YBXMnmqUqVSpSiU954l2HzrmUkCuB+eWGPpLZMZBk4AbZvbnxheL9jZKmiiVcgUq9BZVmFLpM9/snwyS/rs1+nXjm5ptvx41aUXKs//u9K0I+U/d634xYEKn+23+Gzr9esbVOHTVVHTFn5t2VS/YwH0f5zmzFn0/GVCVGxq9OvUK24+XSxn9LGa29tqXh/rub2t5va2mtvbel5v6dw+1nN7W8/rYz2vs8V0zxv+0a9To2JTAkNftG3bIVvfng8oV1M685Dn4xfxL+KTdz5es+nBwoU3h+97uCck4KL8YtfUc80Ux6qFHGh76t7Tc3f9Nv265Yf1P/3018UWo2cYY2VOqxPAF+UTbx5KVSqVKlXqP2vls6rJF0iV4Y9UKpVKkaqSxavUn9o7VT6zitylsTI6TKFUyuTyyNW9HoyvYvAEUK7HhDqb7km3Pkp3WP/+aOq5sFvPEiLi5LFJqeGvZfV/vFL75zvqz9ZZf6OYVVPDJoAu5qPUCeBIl5eftJhib28vk8l++umn5s2bOzo63rp1KzY2dsaMGYmJiTdu3Fi8eLGjo6ODg4O9vf3Cdnv39ozd1jdufb+YmhVaGHCVAEDD3Nz86tWr/302bqjb+QicnZ2zekyxoWZMWZpbffAK6vm/7l4A5ubmPXr0MDMzk0gk9evXr1+/vl53Ev9BJj8PWf0h+aB8ngA++Cv0cRadpd9Po65VbksApkXNqs7rabl7gsXeiU5LBp/q0vJmjzahv66/9zRp2IaEXqsT+q5J6LMmoduqhP4/xHv5xqbcnam40lFxtZPyeifl9U7KG52+myYtbGbQvVszTQBv3iDgonxZYOqThHRCgBETQO+Vbybzpau/2R2gy/x0rmblmDYBjDPCUeVvE0CZRR7nfGMT5Ir5p0I6/fJgv9dLpUq11j2s8Iwr6gRwJyxB8+DIU5VH70dVWuTR9/dHbTbcM2wC6NfWzuMTq8CR0qDxVsFfWoXOsHr6jVX46joRmy12TPuk4Yw/zWeeNJ91stpXhytM2l/i063Fh24sNmTjgKV7r15eogz5VPl61/n1Fm1b2Bs2Afy+Y/eLaPmL6JSo2JSblx/3qD17gM2CgdbfDLRZMNBG/e+CNx9bfzPA5ptuljO9bwW+jE15EZPyIlreb8DgbH17MlOiQpUBC3689/x1ZHzys7jk3U/WXHl+cq339O8urbwdGnXnwcWAMxP8/up38vSOU9dvhxyYcn3jp79u/e30/bClJzzLWdYz+Pqcdq776PMakV9USLr1l0I9zz+xXD6npnxWVeUj9/d+u+RJKRv6yOeYy+dbKp75vEkAa/o8mFDlxGgrA66SSYGClT9bV/vXB3W2+GhG3S0+zXY+HnQ4cKPnC/8oWWxSyvPYpIDI+OjElMtB0dK1/1Zfc8Xylzu1f31Qe/P9km0GmZga8u9Sg3JtD3d5ebxr7JEur4Y1/aJRo0Yymez27dt//vnnxYsXIyIitm7d2rp1602bNnl6eoaGhoaFhS1fvrxRo0Zz2+35vc/rnwckrB6S2Mt+nQFXCQA0REsAmpfNs1QB9N/a1+ez2v9m76Y0z67qe6G5pkqlUn8L7Ozs1DP/KlWq6H8sALItkxm0wafV+TwBsBdAGrktARSsUKLaykEWuydY7J5QZ+eEJeO7XenVIezWrVl7EnutTuj3Q0KfNQl91iT0WZ3Q/buE+fsTY4OOqTw6q251UXmqh+PR9XYlihr0/GSZJgCLq/J1IYrFAanlLsmtrqekex1jJQDN6f11D/j/4DC4twmg8dq7EXHy329Gms66JplxpeTc68HRMr8XSWXnXlMngEbf374c8Fr94Oy69aK6y63pRwIj4uRDdzwybAL4pL3dgxFS/+HSwDFWQZOsQqZaBc2wuv+lzdllzUfMnlV2/J6yE/eVnbC31IgtJZx+KdL/h0I9VhTuvGjmhj8TIrelBg9WxOx0+65lO4MmgDKlyx0+7vb8pfz5K3lIaOz4bqsGWs8fYrNwqM3CITYLh9RbOKTewqH1Fg6tt3BIvTeXDLCaN3/slmcRic9fyZ+/ks+du8zMrFB2v0npMCtavPv0b28Gv4yITw57LQuJSdrxcP2SG6Omnuuz9crxWyHRXmGxVwJe/uMTfurBs0dn1sXsG+m/2Oronp+P3Ht2/MHTRkO+MODKqJ12rvt4Uo3IKZUTjyxTKFKVSqXiVXDqv9sUJ5YpLm5RXNiscP9Z4f6zwm2jYv/0lAVS+ewaKRv6KOUyhUoli4uJXNz0wYRqhk0ABYqXrvL1NotN9zSj30G/X7wiL4XEhcYmRyemRMYl+4TFBkTGRyXIoxNTtno8tVjzb7XVV6qvvVFz422LTffKDJhuatBvnGXJhrva+6kTwOAmn9na2spkshs3bmzbtm3NmjUTJkywt7dv27btyJEjW7duPXz48Nu3b798+dLW1nZBq10/949bPSRxUtdrlcsY5XyuAKA7dS9VqtSpU6e0jwtIc4n6S/bu3evt7d2sWbOrV68OHTpUczTBrl27JBJJx44dfXx8tG9E96vUC9W9pvFoXjbXfKDnF6renoZMfUoyCwuLjOZKmc8Fsj3FyPxTmv9Onz798OHDEomkfPnyHTp0kEgkxYoV69u3b+YLwn+n53w5VySAXC5nzwWQ7sf//cr/RW5LAGbVylRb51Rr9/hau8eb751g87vz8RG9HngHDPkxUf36v3r+33t1Qq/v40dtSnwa7K263UPl1VXl1UXl1UXl5Xh1h0Op4gUNuU6ZJoB1IYpkhSouVdXdOyXzPQUMuUraipTM8vzfmAmg7S8P5Arlp3t9NacDPP0wSp6qrDj/ujoBVHfxsFnl9SA88cCdV6W/ubngVEicLFWlUhk8AQxu3fjWwLq+Q6UBo6RBE6yCv7S63M56fedOtfovKT3kB7NhmwoN/9XMaXOhvmsK9fhfIcfFRdrNKdFy2qzlXykj+yqetoh7Ovfg2g5tW+l1JICeq12jei13d6+wyOTwF/JzJ+8MbjDfqd5Cp3qL1GP4u7FYc6FTvYXjOnx7727YsxfJYZHJmzbtLVrUkGe7KGte59ezns9ey8JPH3/mfjbgRZz3s8iDHvd2Xrp9+FbAzZDomyHRV4KjLga+cvONjN7d7/nPne9OKb/r70v7bj91833R8ovlBlwZtTcJYHrNhO87K2LC35zv7/nj1M1DU+ZZpMwxT5lbM2VuzZS5tVLmWqTMs5QvtFY8dFOqVAqVKsnnQuT0mj4Tqxs4AZQqX2nmTvON3uYbvVvu8DnhGx0ckxwZL3+ZkPIyISXgRcI13xcPw2NfvL1k7hnf6t//W3XN1Wprr1df71HjJ6+yTgtMCxUx4CpVKWr5c5tbh7vFHuz6akDjCVZWVjKZbP369XZ2dra2ttbW1lZWVqtWrXr16pWnp+e5c+devXrl5uZmZWW1oMUfrt1j5/V/VqdqVxOJEU7nCADvnwvA29vb3Nx87Nix6mm8mnr+v3z58jRfor5EUxC0U4L6Cur5vOaw/4y+SveaRrqnaab9WaoAQUFBMTExzs7OMTExQUFBAwYMyCQBZD51T3P9TGQjAZQpU0bzsWbmTwL4CNL9edAVGxv74MGDS5cuzZ49e/To0e3bt1jeaVcAABxxSURBVFcfr5El+XwvgBx8RwBVrk8ASWGbvH33efnuz2Tc8d0nC/vFiHsBVC1dde2QmrvGqUfl/RMmfed839t/yI+Jmvl/n9UJvb6P7/l9/OhNiWE6CeDytiYfMwEsDkiNS1VFJCs7eOVQAtDdzz+nE0CKQjlmn58mAZx5FJ2QrKgw700CePg8sftmn9orPIvNvfb5Af/XslT1A2XwBDC8jZ1Xf+mjAdKAT6QBY6x8hktvdLZyG+nQcsC04j1XFOr9XbmB39b5ZHGF/i5FHReWaPFVKftJZRo6L1/cOfmxfWpQkxifBrd+l3Zs08SACaBa1Zr/uHmFPk9+Gpl8ZPfVYfUXjLBdNLLe4pG2i0fWW/yp7eKR9TRjkeaDsa1XeN4MDo1IDn2evPGn3YZNAE16D78WHBVx/FDc/q1RiyYHzv3yTljsveev7z1/fSXwpZtv5PXgqIsBr876vvC6eih2W9eAZQ3OLh/42yW/nZ4hpx49b/nFMgOujNqbBDCtesJvoxWyeKVSqYx9nrqxf8rsGinzLFPmWabM1xrzLOWLbFJPr1KmyBQqVeKpNZGTK/tMrHHSsAmgZNkKM7bV2OBVY4NX/V/vLHQL+tsv6kFkQmhM0r2nMVd9XzwMfx0ZL49MkEcmyJ/Gyobuv1f5u8tVVl+t+sP1autuVl9/q8zgOaZmhQ24SqUKV1za+vyeXq939ojq1Whs7dq1L126NH36dKlUWvuthg0bzp8///Dhw3///feqVauaNGlSu3btb5rvONY1pkvDpaYmBv07CQBadPcCUL8sr5nzd+zY8erVq+bm5ul+SboJIM2X7Nq1S7PvQJqvSveaxrib6U749a8AdnZ2QUFBKpUqKCioXbt23t7eGc2V9Jk06TlfyORqKhJALpPJDFrNz89v9erV37zVoEGDli1b9unTZ8GCBXXrZu2czfk8AWiO1XFxcVEfEWBhYeHi4qLn7+p/ocr1CWD59evtToW1Pvksk9H+1NNfPd2MlwAKlC1aeVm/GjvHmu8aZ75rXI1dY213Trz22HOxa2K3Ve9e/+/5fXyX/8UvO5QYH3xQ5dVZM/9XeXV2/a5B8Y91IEBHr5Ryl+TdvVM6eKUUufCB8wUYcpW06Z7tL0cTQIMf7obFJp98GF1g1jXJjCuVF3tEJaTcCIorPfuq5nSA4a/ls44FbbryPCFZoXmgDJ4ABray+7eX1b3e0idDpP4jpI+GSX0/kQZ/aeU5rfG68T2Wftbv4KK2V9bbHVrXzrrnlNJNPitrPaJR6yEPDnVKvmeT8qRE0o2Sp5fUadvSkAcClC1d4a/DF4LCZSHPk88e9x7ecOFo28VjbJeMsXUZY7tkTL0lo+stGWP7Zoy2XTLadsko28WTOqy6czssODw5OFw2f+73hQw6k5ywft/jyPjnv/8U+8vKFxP6+w3uePJ2yJ3w14fuhPad+W37sTOXHLl5OfDlqYfPnu0b+Wp7f69vGv3215nN/wb8diPoz9vBjYZNNuDKqL1JAF9WSHLfrD4XgMLjgHx+nZS5tVLXdVNc+EXx7zbNSF3TST7HXD7PUhl2X6FSycL9IufV95lo4AMBTAsVLTdpfdV1Hm/HTcsNtxx33Tt5//m/jyOfRMQ/e50c/nbcCY9rv/VWpe8uV159pcoP16qsvVF13c3inUeZFDDklNusQOGpLQ9u6Re/qW905/qja+htXtNtx7rG9KwxzoArAwBpZHQM//Lly9V75ueDBJDJVD9L+wKot/Mzmv+rckEC0D4QwNHRUcKBAB9LJvNlhUJx8uTJb95n+Za9vf3UqVP79eun/7LycwLQ/ELa2dlt3749OjpapVJFR0dv377dqK//q+X+BND7TGDm83/1mHLpjvESgEmRghVmd62+c2yNnWNr7BxbfefYqn84L72xKzBM1u+HhO7fxavn/47/i+++Mv5eQGzq4zkqL0fN/F/l1el/U+oU+linA4xMVs54klrIXZ75ngIfLwGkezrAj+NtAii1yOPsk5gUhfLHS+EDtz26EvhaqVTNPRZYcPq/2u8IIEtRpL7/FosGTwDtmtnv7VTPs4vUp5/Ub5jUf4Q04FNp0Dir4ClWwTOsg2ZaB0yVXuhr4zKgXe1W4yo0Hl+xzuCvJjkknKuQ5FEi7nKFqAPVljvZNmtqyARgYmKy6be9AWGywGcyH5/ITxotdK63ZFx9l/G2S8fZuoyr7zLO1uXdB/Vdxtm6jLFdPK33er/A2IAwWWCYrN+AYdn9DqVv4TGvgKhE38CwRwu/Durd/NieY8duh9wJfz3V9Wah4qUKmBVq8+WyY/fDLt68HL2rf9jalkc3zFz3970NlwN+vR70/Zm71ezbGXZ9JJoE8EWFJM+jb04HeGSRfG7NlK8rK27sUSlSVIpUzUjd8ol8jrl8roUixEuhVMqSk1983/PBeEOfDtDEpOSg2ZVWX6m05rr2cDnr98+9sBsBL0JjZU9fJ6uHe2C0zY/XKnx3ueL3VyqtuVZpzfWKqy4Xrt/esO8IIJFIPmmyaV3/1z/0j2lbb2Rlvc1x2HqkW8z/WpwtZlbasOsDABqZnMZv+fLly5cvT/dAgMwTQJrd+9WT/Iy+SveaBr+P6n34M/qsevd+fW5Hn7mSPnMBgyQANd3TAWrOWcDpAD+mTH4qtOf/W7ZsuXbt2suXLwMDAzUVwNraevLkyfrvC5BvE0BWT9FhcKpcnwB66ZcAJhszAUhMJCWHNKm6fXT1nWPVo9pO51q7J+x+ePamb+zCPxOdNyWM3Zyw4lDCLb+YB48OyTx7vt0FoLPKq3Pi1Q6DOn+8NwVUuxGr7OmdUuJiDiWAZqPfJYB03xTw49B6U8AWG+7fCI5T7+Efk5R65N6r6otvZvKmgGoGTwAODg6r2tS72s7qdjfpo/5SPydpwEip36fSR8OkF/rYHmjXcF0jhw7WvavUG1HZ+pOqVsPq1O1xfZtlzNEqMSeqvthV6/GiOqM6NtZzQfo/Tl98Meehf6zfU9nTiOTvv973qfWCCbYuE+sv/az+0on1l060XTrRdunE+m/GeFuXkdbf/LbqVHB4st9TmdfdZ82btcnWtydD35575Pcy4X5EnGdo1DGv4D1X/M4/ifB8GrP4pHfdDn1rNXec8Pv5vx89v3t6TcyeIXeWNd247/Aatyffu/luvR445AfXAoUNeXy72ps3BfyyQtKtI28SwMkV8tk15PPrKEO8VCqVSqlQJSeqf2xS930ln11Dvsxe8TLo3ZsCTqhyYrSB3xSwcIP25Vacq7D6qvZo/7vXMc/gH8/cXXrG51pITHCMLCQ2ee/d5xVXXSy/6nKF7/6t8P2VCquvlp1/qGBlS4MngI715iwbHL188OtmVsPL6e0rh617esb+1i28SZXenAsAgJFonwsgODh4+fLlY8eO1T41QJrrZPR6vkQi2bVrl+7pAH18fHSvmWaXgTTXzLX02c7X8zp6yvx2eFPA3COj76Cfn5/2i/8+Pj7h4eEJCQnaCUC9L8CCBQv0PC9A/kwAOT7/l7y/L8cH73iax814a5VRAjjvczjN+EgJQCIpWKNM5Q3Dq/4xRjMq7xhdbafziH++33H3/D+Pfc48vv/ztaNDdi3ydO+rvO2o8nJ8swuAZyefAy1qVjH0nOTtHH7fc4U8nXf9U6lUqtepqgMRijae770jQGKq6penCqMngMo27+3hr36bwHQVKSlpNtpYq6GVACSzrldZ6tlls8/QHY86/Xy/7Pzrkq8uZ54AUhXK/r/eNngCGNK88Znm0mttre/0kD4aIPVzkgZ8Kg10tjo2sNGE5h1s6vapZtGvas0+NSz692nq+NuYJlF760ZssgxfU+fpkrqbezYa3NLwCaBihaqXrz/2DUnyeyrzC4hdP8t1dL2F4+stmWS7dJLt0km2LpNsl35ef+lntkvH2Swe3XDx1hXH/YJe+4Um+YYk7fnzTPFiJbP17cnQ4hN3H0XGPYiIu+T/Yu4fpzuPnTlw7poTPs/O+Ub+9u/jTRceHr4XdvT2k6BDU5//2PLY6gkrTtxZfvbx6gu+i4/eqt2ut2FXRu30WOmjSTUiJ1dKPLEqValUKpWKVyGp539S3DmhTE1WqVTKmDDF5d9V6k+9CEj9d7si8JZSqVAolbLIoMh59R9MrHZilIETgEmhoiUnrC236rL2qPDd5fnH7jVbe7704lPNfvp31+0w/6ikGacfl/3fhbL/u1hu5SX11YoN+8akoJnBE4Ct+aDZQ17OdYprVHdoiRIlhukokZ7PHH77re/rzf3jv2xzvHDBEoZdJQBAVn1wrqTnXED3OtmeQWiOm9a+sG/fvlWqVJFIJGZmZj169ChVqtQHb8fGxiYiIsLJyUn3Ux4eHh4eHvpfricXF5fY2FgbGxvtG1SpVImJidqr4eLiollK5ldQf1alUrm6umo+leaSNMt1dXXV/sbFxsZm++5k9MOgffy/Rpq9ANT69OnTvn17fZaVDxNAbpj/p/HBO/5xHhlJxglA9+T/Hy0BSExMijk1qvqHc5U/xmhG5R2jK+74tOL2T6v/Maba9tElVg2YuaOv4k5X7fm/yrPz8ikWpgZ/WevtHL70JfmKwFSto9ffo1CpYrUKwEu5aui9lGIX5EZPABKJ5Ivz71WAETslVo7vXaGyjaTLfMmMG0Y5C4Da+wlAMvOa5nSAkmn/aieA8gtuVFx0M+1YcKVw/28lZkX1XJqeM/OmDvY/tLC50NTqRnurOz2kj/pL/YZJA0ZK/Z2t7oy22dir6ZgW7ca1avPLgOb3Jtd7sbJO9Jo6IXOsgqdb7R3SZEOnRl2a2xk8AUgkkjEjp/mGJj0JTvILSfIPiju++/rMPj8Orz1vZJ35o+t+M6rugpF15g+vPW/hJ5uvuT0JCE3wC016EpzkG5rUr/enWf/GfMD4dXtvh8Xs8woe/uOhchZWpgXNbLsO3u8VfPJhxNEHzw/dC993O+zw5X8jdw32X1b/f3tOLT714NtzTzZcfNzxSxezosUNvj4STQKYXjNhdZfU6GdKpUqpVCpTU5RKhVKpVKpUKadXpqxqo4gKVapUSqVSqUhVf5CqVCUeWhgxpeqDiTUMnwBMTApUrl162fnS317QHhX/515q0akSi06VWvJ3tZVuEw8/qLvu3/eus+ycacVa6lsw4CpJJJJq5ey/Ghoxa3i8reWgIkWKROkokh5nhy0bBsStHZSwcuDrBjWHGHaVAAA5xYAJQPJ29pTup6ytrfU8CiCjBODk5PTkyZMnT56k+VRGl+ujfPnyfn5+Pj4+oaGhmgTg4eGhPVHXXPP+/fvqRWR+BScnp5kzZ2rfERsbG/Xtay5Jd7karq6uurefbe7u7uqmoJ7zT5gwQXu2HxgYqJsAWrZsOXq0Xq//GeBNAe3s7Dp27Kh+jz13d3dJjiaAXDj/l+i3r87HWZPcmAAkEpNCpmXnd6+8Y7TWGKUelXaMKv/L8M4/D3jl0V11W3v+3+n6H01LlzDoiQDV3OTao/WtlEvRClkGIUClUsWmqM68UtjdTEnzhYZfMY2GA9M/59+MG2+m/UY9EaCa3glA/5f6M6HnzNzBwaGtQ5PdjawvNLW+3s7Ku5v0YT+p7xCp/yfSgFFWgc5WQeOtgj6zCplsFT5LGvlN3ZCpVoGTrPzHSK8NsJrZroH+S8nq+v/40+6HAXFPQpKehCQFhsmeRib7B8Rcu+jndvKe+6n7HtcCg0LjQiOS/cNkT4KTnoQkPfCLXbr8p//+uOmq1rhVywnz67TvU8CskEQiKVq2wrg1u0/4hB+892yf99M/PEO33Aj659SOyA0t/1w3fcHRO6vdn6xz83GcubpY+crGWB+JRHLSWfpoUo3IGRbxsy3kB+YoXgS8meSrVMrEmNQLm+Xf1JXPs0jd95Xi+RNlaop6/q+Ieyn/Z238HMuI6bUeTKxx3NAHAqgVajus5JLTpVa4aw23kkvPllj8d4nFf5d0+afksnOllp8vtdxN/dkS3xwzs++u+XIDrpJEIilWqEy3puu7OaytXLZhQb2NaPrr94PiVwxN/GbQi0Ftdn14MQCAvECldei+UacVjo6O+uwCIMk4Abhq0edy/Wmm6OqPvby8ypcvn+Y6Tk5OFy9e1OcKGpoooL37gPZ6ai833ZUxFHd39wcPHujO/zNKAA0aNJg9e7Y+t2yABJAuCwuLjh07Ojs7u7i4HD58WJ0xPsJENxfO/3OV8SNaJQauzV4CCLu93L6h4U+volawVrny3/aptGOU9qi4/dMKv4+ovH7wwVO9FbfV5/97M/8/u6mJtaW+ryFnTZqZvJu8/GX5DN/UiOR0jgp4lKAcei+l+MW0X2LcBCCRSHqvzLH3AlDLrQnAwcFhYJPGe22lbnZWV1pbezpK7/WSPhwg9R0i9R8u9R8pDRgtDRpnFTzBKnCs1H+M9PEw6YmuVhNaNWzqoNeJALOXACpVrP7Hnn8eByf4hcr8QpP8QpP8nsoCwpICniYFhMn8n8r8nia9uTxU5uMXu2jBxsKFjfPjrc3EpPPs9ScehB198Hyvd9g2j5BN1wJ/+tffd8+4uz/2+/HIvytP3x256o963YcVLVvReGtx0tnq4aQaz6dbxM22lM21SP6uQ8rhhamXt6a4bUzZOkq+wEo+z1I+v7Z8nkXKylYpB+elnP8p5eT/5L8Mls2vGzfb4vl0i/sTqx8zTgIwKVysUJcJxRf/XWLpOc0ovvRccZezxZecKe7yT/GlZzWXF5v3V8Em3U0KFDRSAkizhmULVxpSa/qouotGSheNkC4abrXIyWrxMKvFQ60XD7ZZPMBmcT/bJX0aLJ3W5dqyoQmTet2qX2to0UJljbdKAADBpZsAtF9jv3//vmYGntHlWV2iZtbt4uLi4+MTGxurUqn8/Pw0N+jq6uri4qLPFXRvVnvar50D0p3tu7i4GHAXAI0jR47ozv8zSgB16tRZtGiRPjdrrASA3MnMrECFciUqli9RsXyJFvvva+b56ku0h+ZTTX44rL6kXJliBUwNeu59bSYmZnUrlF3ep+KOURW3f6oeFbaNLLt5WNuf+7282eXd/N+r0+UdTawtihlrA1t3Mu8mN3OX170mvxLzXgX4+5Wi1lW5qXt6839jJwCJ3hXASHJxAmhqb+9k2+BPS8uzjaz+bWl1o4O1V1fpvV5Sn37Sx4OkT4ZIfYdJfYdJHw2Wevequ7+5dS+7Rg72WZj/ZyMBmJiYlChRatu2E4HPZIHPZEHPZIFvR9AzWWD4u0uCnslWrPjlY8z/JRKJRGLTY/iO637H74cdu//shM/zg3fDDl71jvql+a8blg758VijAeOLla1oYmqEfW20nBzf8P7EGs+m14qZZZkw1zJprkXS7JpJs82TZtdMmmORNK+27O1ImmuRNKfW20/VSphjGTvLMmxarTvjqx1xNmR0N9FWsFDBJt2LzT9SzOWftGOJ1sfzjhWs3157/m/UBCCRSGoWt9nY8vruDn5/dPT7vbP/ls7+mx39f3EM+KlLwLpugat7BH7bM8ilT8jCAc97N91QokglExOj/fUGACCDBKCZ4WvvkJ/J5VldonYC0Bzhr9nhP0tX0NB8Vv8E8F/uReZmzpzZoEEDPRNAzu8FAGSDSZGCJQY2Kruqb7lfnSpsH1nut+HF1w5yPdlTdbuzyrNT3JUO9w+2WDzJokwJQ77hdlrpzufd5BI3eZlL8rUhqWEypX+ictKjVLOMJv8fJwFIJJKGA9OeF0B7DN4oaTjQWIsuYCapWFdSr4ukzUTJwDWSEdsk4/ZLPjsmmXw+xxOAg4ND48aNW0mtlllYHLSpe85OeqmF9fX2Vh6dpV5dpd7dpd7dpV7dpPtb1ZtXv/4wG6vGjfU9C2C2E4DGqJFfnTxzw8f3RWhE8tMI2dPI5KeRsqeRyaERsjs+z/88cHZAX+f//nDpr4BZodrt+9qPnN503Px2079v+eWyX5aPvL6ksX2zZgU/VobYMlTqNa5a4JSakTMsomdaxsyyjNVjxMyyjJppGTHDInBKzZvOVX/pb2HAVTLRYVqxptmAuYUnby0y51DRxaeLLjlTdMmZogtPF5l9oPDnv5p1+8ykVAXdrzLgKukqWrBkT/PxLvYHN7e7s7/ri/09X+/p9Xpn77htfeK29IvfOCDhu/6vPmv/d+1K7Zn8AwA+gnQTgPYs2tXVNd396rUvz+oStWf4mhvRfKz9yvwHryB5e4oB7RXTMwHoHk1gKKNGjWrZsqWeCeCjngsAMCRTkwJVShZyMC82uHGR8a3az25z7leHfd/WX/Fl7YGdKtasUsTw5/9LI5NZvZvczF3ezCOlwY2UDF/8/5gJQK2yjaTtlPeGlaOkiIHPJP8BhYtLSleTVLGVWLSUNOgraT9V0m+NZNSfki/ccyQB2Nvb29nZNba17Vq7zue1aq2xtNhap9Yx2zqu9S1+sa250sZ8hnWtYbZ129a3tbOzs8/iLgD/JQFIJJJKFau3btNpovP81au2bd781+bNB5cv2zR65KzmzdsZ/Pz/WVWmWME7y2yndTMvXMQoZ/5L1+SOtS+MrOw9odqTz2sETjYPnmIeot8InFzD9/Ma3uOrnRtecVp3Q75Zke5k3sTExKRAQdOyVU0tGhdo0KlAs74FmvYpYNvOtFZD09KVTEwLpPsVBlyljBQwLVi9uLR11UETGv64rvPD7X3itvaL/7nf62ntzzcxH1q8cHb2qwQAIBt0E4CNjY16x/t3p9CKjVWfXS/dy7OxxEwSQJpX5j94Bd1X8vU/F4Du0QSG0qlTp969e+uZAD7eOwIARmEikRQ0lRQqWLhowVLFCxQrUqCQmelH2aL+QALIwhCWiYmkQCGJWVFJ4ZKS0uYSQ+xGntUpunYLcLCzc2jQoImNjb21dRNrqyb16tk3qO9gZ5fVnf8NlQDUCpiaFSlctFjR4kWLFi9cqKipqTF3bNFb1TKFto+tVbliJdMCH299qpUvOadrnV8HWZwaZ3NuYj33iTYX9BjuE23OTqz39zib3wbXnt61fuVypQ24SuknAK19AkxMC2Q07f/ICUCzwoUKFClTpEony4mLOl4fbre+VJEqvPgPAPiYdBOAi4uL9lH36tfYXVxcMro8G0vUPh2g9kn7XVxc0rwy/8EraE/41ZycnCIiIrTfEUB3uRJjHgUgkUjMzMwWLFhgb2+vWwHSsLe3X7BggZmZmT43SwIAkNtle65uJDn9eAAAAOQuaV7bV+/er/suAB4eHhldno0lak/FnZycEhMTVSqV+qZ0X5nP/Aqurq7aOyao19DFxUX9X+1rplmuMd4LQFvdunWnTp1qZWWVyfzf2tp66tSp1tb6nh2ZBAAgt8vpKX9aOf14AAAAIEMZvQWg/lfIVfr16zd58uSM9gWwt7efOnXqoEGD9L9BEgCA3C6np/xp5fTjAQAAAIHUrVt3wYIFvf/fvr3bMAjFUACtmIT2DfAqJOqwAiyBSIMYLENlhxRpIqooH9kk54gBrq5cYCNOp1prKaVt21JKrXUYhnVdn//+f+cEAGQXvfLvRfcBAMB/aZqm7/txHOd53rZtWZZpmrque/L//0dOAEB20Sv/XnQfAADwIicAILvolX8vug8AAHiRE8APOl+uIc+xIiWUsKUkkaJiJI/34fn7soQtiXTQWQIA3uEE8IMSvkQmjJRQwpaSRIqKkTzeh+fvyxK2JNJBZwkAeMfuBHAD1CeTAbI4UjoAAAAASUVORK5CYII=\" /></p>', '2017-06-16');
INSERT INTO `reporte` (`idreporte`, `idusuario`, `idestatus`, `idcategoria`, `idservidor`, `iddominio`, `titulo`, `autor`, `ticket`, `observacion`, `fecha`) VALUES
(35, 1, 2, 3, 1, 27, 'a', 'Ronny Gonzalez', '1', '<p>a</p>', '2017-06-20'),
(33, 11, 2, 3, 1, 3, 'asa', 'nuevo', '223', '', '2017-06-19');

-- --------------------------------------------------------

--
-- Estructura de tabla para la tabla `servidor`
--

CREATE TABLE `servidor` (
  `idservidor` int(11) NOT NULL,
  `nombre` varchar(50) NOT NULL
) ENGINE=InnoDB DEFAULT CHARSET=utf8;

--
-- Volcado de datos para la tabla `servidor`
--

INSERT INTO `servidor` (`idservidor`, `nombre`) VALUES
(1, 'Orinoco'),
(2, 'Araure'),
(3, 'Cunaviche');

-- --------------------------------------------------------

--
-- Estructura de tabla para la tabla `tipodeusuario`
--

CREATE TABLE `tipodeusuario` (
  `idtipodeusuario` int(11) NOT NULL,
  `nombre` varchar(30) NOT NULL
) ENGINE=MyISAM DEFAULT CHARSET=utf8;

--
-- Volcado de datos para la tabla `tipodeusuario`
--

INSERT INTO `tipodeusuario` (`idtipodeusuario`, `nombre`) VALUES
(1, 'Administrador'),
(2, 'Operador I'),
(3, 'Operador II');

-- --------------------------------------------------------

--
-- Estructura de tabla para la tabla `usuarios`
--

CREATE TABLE `usuarios` (
  `idusuario` int(11) NOT NULL,
  `idtipodeusuario` int(11) NOT NULL,
  `nombre` varchar(50) NOT NULL,
  `nombrecompleto` varchar(50) NOT NULL,
  `clave` varchar(50) NOT NULL,
  `correo` varchar(50) NOT NULL
) ENGINE=MyISAM DEFAULT CHARSET=utf8;

--
-- Volcado de datos para la tabla `usuarios`
--

INSERT INTO `usuarios` (`idusuario`, `idtipodeusuario`, `nombre`, `nombrecompleto`, `clave`, `correo`) VALUES
(1, 1, 'ronnyg', 'Ronny Gonzalez', 'daaf7eda026d836b891ce7ff678d6f27', 'ronny.g@servitepuy.com'),
(3, 1, 'Ramon E. Navas', 'Ramon E. Navas', '6f38fa76a6967ce0aa39d4bd2d1b741a', 'ramon.n@servitepuy.com '),
(4, 1, 'Ramon A. Navas', 'Ramon A. Navas', '817544909e8a6f60ee0ebe0968a50747', 'ramon.nt@servitepuy.com '),
(10, 1, 'usuarioprueba', 'Usuario de Prueba', 'c4ca4238a0b923820dcc509a6f75849b', 'correo@prueba.com'),
(12, 1, 'karina.n', 'Karina Navas', '59e0a02924d90ea0f0952f19cfd09705', 'karina.n@servitepuy.com'),
(13, 1, 'miguel.n', 'Miguel Navas', '950f1dae2c97ef133af4b3eb53b62d3d', 'miguel.n@servitepuy.com');

--
-- Índices para tablas volcadas
--

--
-- Indices de la tabla `categorias`
--
ALTER TABLE `categorias`
  ADD PRIMARY KEY (`idcategoria`);

--
-- Indices de la tabla `comentarios`
--
ALTER TABLE `comentarios`
  ADD PRIMARY KEY (`id`) USING BTREE,
  ADD KEY `idreporte` (`idreporte`);

--
-- Indices de la tabla `dominio`
--
ALTER TABLE `dominio`
  ADD PRIMARY KEY (`iddominio`),
  ADD UNIQUE KEY `nombre` (`nombre`);

--
-- Indices de la tabla `estatus`
--
ALTER TABLE `estatus`
  ADD PRIMARY KEY (`idestatus`);

--
-- Indices de la tabla `reporte`
--
ALTER TABLE `reporte`
  ADD PRIMARY KEY (`idreporte`),
  ADD KEY `idcategoria` (`idcategoria`),
  ADD KEY `idestatus` (`idestatus`),
  ADD KEY `idusuario` (`idusuario`),
  ADD KEY `idservidor` (`idservidor`),
  ADD KEY `iddominio` (`iddominio`);

--
-- Indices de la tabla `servidor`
--
ALTER TABLE `servidor`
  ADD PRIMARY KEY (`idservidor`);

--
-- Indices de la tabla `tipodeusuario`
--
ALTER TABLE `tipodeusuario`
  ADD PRIMARY KEY (`idtipodeusuario`);

--
-- Indices de la tabla `usuarios`
--
ALTER TABLE `usuarios`
  ADD PRIMARY KEY (`idusuario`),
  ADD KEY `idtipodeusuario` (`idtipodeusuario`);

--
-- AUTO_INCREMENT de las tablas volcadas
--

--
-- AUTO_INCREMENT de la tabla `categorias`
--
ALTER TABLE `categorias`
  MODIFY `idcategoria` int(11) NOT NULL AUTO_INCREMENT, AUTO_INCREMENT=19;
--
-- AUTO_INCREMENT de la tabla `comentarios`
--
ALTER TABLE `comentarios`
  MODIFY `id` bigint(7) NOT NULL AUTO_INCREMENT, AUTO_INCREMENT=55;
--
-- AUTO_INCREMENT de la tabla `dominio`
--
ALTER TABLE `dominio`
  MODIFY `iddominio` int(11) NOT NULL AUTO_INCREMENT, AUTO_INCREMENT=28;
--
-- AUTO_INCREMENT de la tabla `estatus`
--
ALTER TABLE `estatus`
  MODIFY `idestatus` int(11) NOT NULL AUTO_INCREMENT, AUTO_INCREMENT=8;
--
-- AUTO_INCREMENT de la tabla `reporte`
--
ALTER TABLE `reporte`
  MODIFY `idreporte` int(11) NOT NULL AUTO_INCREMENT, AUTO_INCREMENT=36;
--
-- AUTO_INCREMENT de la tabla `servidor`
--
ALTER TABLE `servidor`
  MODIFY `idservidor` int(11) NOT NULL AUTO_INCREMENT, AUTO_INCREMENT=4;
--
-- AUTO_INCREMENT de la tabla `tipodeusuario`
--
ALTER TABLE `tipodeusuario`
  MODIFY `idtipodeusuario` int(11) NOT NULL AUTO_INCREMENT, AUTO_INCREMENT=7;
--
-- AUTO_INCREMENT de la tabla `usuarios`
--
ALTER TABLE `usuarios`
  MODIFY `idusuario` int(11) NOT NULL AUTO_INCREMENT, AUTO_INCREMENT=14;
/*!40101 SET CHARACTER_SET_CLIENT=@OLD_CHARACTER_SET_CLIENT */;
/*!40101 SET CHARACTER_SET_RESULTS=@OLD_CHARACTER_SET_RESULTS */;
/*!40101 SET COLLATION_CONNECTION=@OLD_COLLATION_CONNECTION */;
